station_id,name,lat,lon,capacity
72,W 52 St & 11 Ave,40.76727216,-73.99392888,55
79,Franklin St & W Broadway,40.71911552,-74.00666661,33
82,St James Pl & Pearl St,40.71117416,-74.00016545,27
83,Atlantic Ave & Fort Greene Pl,40.68382604,-73.97632328,62
116,W 17 St & 8 Ave,40.74177603,-74.00149746,50
119,Park Ave & St Edwards St,40.69608941,-73.97803415,53
120,Lexington Ave & Classon Ave,40.68676793,-73.95928168,19
127,Barrow St & Hudson St,40.73172428,-74.00674436,31
128,MacDougal St & Prince St,40.72710258,-74.00297088,56
143,Clinton St & Joralemon St,40.69239502,-73.99337909,50
144,Nassau St & Navy St,40.69839895,-73.98068914,58
146,Hudson St & Reade St,40.71625008,-74.0091059,55
150,E 2 St & Avenue C,40.7208736,-73.98085795,56
151,Cleveland Pl & Spring St,40.722103786686034,-73.99724900722504,33
152,Warren St & W Broadway,40.71473993,-74.00910627,49
153,E 40 St & 5 Ave,40.752062307,-73.9816324043,63
157,Henry St & Atlantic Ave,40.69089272,-73.99612349,23
161,LaGuardia Pl & W 3 St,40.72917025,-73.99810231,35
164,E 47 St & 2 Ave,40.75323098,-73.97032517,77
168,W 18 St & 6 Ave,40.73971301,-73.99456405,47
173,Broadway & W 49 St,40.76068327096592,-73.9845272898674,0
174,E 25 St & 1 Ave,40.7381765,-73.97738662,35
212,W 16 St & The High Line,40.74334935,-74.00681753,60
216,Columbia Heights & Cranberry St,40.70037867,-73.99548059,37
217,Old Fulton St,40.70277159,-73.99383605,39
223,W 13 St & 7 Ave,40.73781509,-73.99994661,33
224,Spruce St & Nassau St,40.71146364,-74.00552427,34
228,E 48 St & 3 Ave,40.7546011026,-73.971878855,55
229,Great Jones St,40.72743423,-73.99379025,23
232,Cadman Plaza E & Tillary St,40.69597683,-73.99014892,52
236,St Marks Pl & 2 Ave,40.7284186,-73.98713956,50
238,Bank St & Washington St,40.7361967,-74.00859207,31
239,Willoughby St & Fleet St,40.69196566,-73.9813018,31
241,DeKalb Ave & S Portland Ave,40.68981035,-73.97493121,23
242,Carlton Ave & Flushing Ave,40.697787,-73.973736,46
244,Willoughby Ave & Hall St,40.69196035,-73.96536851,51
245,Myrtle Ave & St Edwards St,40.69327018,-73.97703874,79
247,Perry St & Bleecker St,40.73535398,-74.00483091,79
248,Laight St & Hudson St,40.72185379,-74.00771779,91
249,Harrison St & Hudson St,40.71870987,-74.0090009,27
250,Lafayette St & Jersey St,40.72456089,-73.99565293,40
251,Mott St & Prince St,40.72317958,-73.99480012,27
252,MacDougal St & Washington Sq,40.73226398,-73.99852205,33
254,W 11 St & 6 Ave,40.73532427,-73.99800419,47
257,Lispenard St & Broadway,40.71939226,-74.00247214,79
258,DeKalb Ave & Vanderbilt Ave,40.68940747,-73.96885458,23
259,South St & Whitehall St,40.70122128,-74.01234218,39
260,Broad St & Bridge St,40.70365182,-74.01167797,33
261,Johnson St & Gold St,40.69474881,-73.98362464,41
262,Washington Park,40.6917823,-73.9737299,24
264,Maiden Ln & Pearl St,40.70706456,-74.00731853,29
265,Stanton St & Chrystie St,40.72229346,-73.99147535,35
266,Ave D & E 8 St,40.72368361,-73.97574813,30
267,Broadway & W 36 St,40.75097711,-73.98765428,78
268,Howard St & Centre St,40.71910537,-73.99973337,27
270,Adelphi St & Myrtle Ave,40.69308257,-73.97178913,28
274,Lafayette Ave & Fort Greene Pl,40.68691865,-73.976682,31
275,Washington Ave & Greene Ave,40.68650065,-73.96563307,19
276,Duane St & Greenwich St,40.71748752,-74.0104554,25
278,Concord St & Bridge St,40.69766564,-73.98476437,19
281,Grand Army Plaza & Central Park S,40.7643971,-73.97371465,66
282,Kent Ave & S 11 St,40.707644944175705,-73.96841526031494,27
284,Greenwich Ave & 8 Ave,40.7390169121,-74.0026376103,51
285,Broadway & E 14 St,40.73454567,-73.99074142,78
289,Monroe St & Classon Ave,40.6845683,-73.95881081,19
291,Madison St & Montgomery St,40.713126,-73.984844,20
293,Lafayette St & E 8 St,40.73020660529954,-73.99102628231049,91
295,Pike St & E Broadway,40.71406667,-73.99293911,24
297,E 15 St & 3 Ave,40.734232,-73.986923,77
298,3 Ave & Schermerhorn St,40.68683208,-73.9796772,35
301,E 2 St & Avenue B,40.72217444,-73.98368779,58
302,Avenue D & E 3 St,40.72082834,-73.97793172,37
303,Mercer St & Spring St,40.72362738,-73.99949601,67
304,Broadway & Battery Pl,40.70463334,-74.01361706,34
305,E 58 St & 3 Ave,40.76095756,-73.96724467,33
307,Canal St & Rutgers St,40.71427487,-73.98990025,31
308,St James Pl & Oliver St,40.71307916,-73.99851193,48
309,Murray St & West St,40.7149787,-74.013012,41
310,State St & Smith St,40.68926942,-73.98912867,66
311,Norfolk St & Broome St,40.7172274,-73.98802084,31
312,Allen St & Stanton St,40.722055,-73.989111,33
313,Washington Ave & Park Ave,40.69610226,-73.96751037,55
315,South St & Gouverneur Ln,40.70355377,-74.00670227,29
316,Fulton St & William St,40.70960089363537,-74.00655090808868,43
317,E 6 St & Avenue B,40.72453734,-73.98185424,67
319,Fulton St & Broadway,40.711066,-74.009447,33
320,Leonard St & Church St,40.717571,-74.005549,54
321,Cadman Plaza E & Red Cross Pl,40.69991755,-73.98971773,39
323,Lawrence St & Willoughby St,40.69236178,-73.98631746,39
324,DeKalb Ave & Hudson Ave,40.689888,-73.981013,74
325,E 19 St & 3 Ave,40.73624527,-73.98473765,35
326,E 11 St & 1 Ave,40.72953837,-73.98426726,41
327,Vesey Pl & River Terrace,40.7153379,-74.01658354,39
328,Watts St & Greenwich St,40.72405549,-74.00965965,35
330,Reade St & Broadway,40.71450451,-74.00562789,42
331,Pike St & Monroe St,40.71173107,-73.99193043,27
332,Cherry St,40.71219906,-73.97948148,36
334,W 20 St & 7 Ave,40.74238787,-73.99726235,44
335,Washington Pl & Broadway,40.72903917,-73.99404649,27
336,Sullivan St & Washington Sq,40.73047747,-73.99906065,36
340,Madison St & Clinton St,40.71269042,-73.98776323,27
341,Stanton St & Mangin St,40.71782143,-73.97628939,19
342,Columbia St & Rivington St,40.71739973,-73.98016555,29
343,Clinton Ave & Flushing Ave,40.69794,-73.96986848,23
344,Monroe St & Bedford Ave,40.6851443,-73.95380904,23
346,Bank St & Hudson St,40.73652889,-74.00618026,27
347,Greenwich St & W Houston St,40.728846,-74.008591,54
349,Rivington St & Ridge St,40.71850211,-73.98329859,61
350,Clinton St & Grand St,40.71559509,-73.9870295,47
353,S Portland Ave & Hanson Pl,40.68539567,-73.97431458,27
354,Emerson Pl & Myrtle Ave,40.69363137,-73.96223558,63
355,Bayard St & Baxter St,40.71602118,-73.99974372,43
356,Bialystoker Pl & Delancey St,40.71622644,-73.98261206,23
358,Christopher St & Greenwich St,40.73291553,-74.00711384,50
359,E 47 St & Park Ave,40.75510267,-73.97498696,79
360,William St & Pine St,40.70717936,-74.00887308,39
361,Allen St & Hester St,40.71605866,-73.99190759,79
362,Broadway & W 37 St,40.75172632,-73.98753523,57
363,West Thames St,40.70834698,-74.01713445,49
364,Lafayette Ave & Classon Ave,40.68900443,-73.96023854,27
366,Clinton Ave & Myrtle Ave,40.693261,-73.968896,32
367,E 53 St & Lexington Ave,40.75828065,-73.97069431,43
368,Carmine St & 6 Ave,40.73038599,-74.00214988,47
369,Washington Pl & 6 Ave,40.73224119,-74.00026394,76
372,Franklin Ave & Myrtle Ave,40.694546087246025,-73.95801365375519,27
373,Willoughby Ave & Walworth St,40.69331716,-73.95381995,19
376,John St & William St,40.70862144,-74.00722156,43
377,6 Ave & Canal St,40.72243797,-74.00566443,49
379,W 31 St & 7 Ave,40.749156,-73.9916,56
380,W 4 St & 7 Ave S,40.73401143,-74.00293877,42
383,Greenwich Ave & Charles St,40.735238,-74.000271,39
385,E 55 St & 2 Ave,40.75797322,-73.96603308,29
386,Centre St & Worth St,40.71494807,-74.00234482,82
387,Centre St & Chambers St,40.71273266,-74.0046073,39
388,W 26 St & 10 Ave,40.749717753,-74.002950346,35
389,Broadway & Berry St,40.71044554,-73.96525063,27
390,Duffield St & Willoughby St,40.69221589,-73.9842844,48
391,Clark St & Henry St,40.69760127,-73.99344559,43
392,Jay St & Tech Pl,40.695065,-73.987167,35
393,E 5 St & Avenue C,40.72299208,-73.97995466,37
394,E 9 St & Avenue C,40.72521311,-73.97768752,34
396,Lefferts Pl & Franklin Ave,40.680342423,-73.9557689392,25
397,Fulton St & Clermont Ave,40.68415748,-73.96922273,16
398,Atlantic Ave & Furman St,40.69165183,-73.9999786,37
399,Lafayette Ave & St James Pl,40.68851534,-73.9647628,39
400,Pitt St & Stanton St,40.71926081,-73.98178024,15
401,Allen St & Rivington St,40.72019576,-73.98997825,42
403,E 2 St & 2 Ave,40.72502876,-73.99069656,58
405,Washington St & Gansevoort St,40.739323,-74.008119,51
406,Hicks St & Montague St,40.69512845,-73.99595065,20
408,Market St & Cherry St,40.71076228,-73.99400398,45
410,Suffolk St & Stanton St,40.72066442,-73.98517977,79
411,E 6 St & Avenue D,40.72228087,-73.97668709,31
412,Forsyth St & Canal St,40.7158155,-73.99422366,29
415,Pearl St & Hanover Square,40.7047177,-74.00926027,46
416,Cumberland St & Lafayette Ave,40.68753406,-73.97265183,31
417,Barclay St & Church St,40.71291224,-74.01020234,25
418,Front St & Gold St,40.70224,-73.982578,37
419,Carlton Ave & Park Ave,40.69580705,-73.97355569,23
420,Clermont Ave & Lafayette Ave,40.68764484,-73.96968902,51
421,Clermont Ave & Park Ave,40.69573398,-73.97129668,19
422,W 59 St & 10 Ave,40.770513,-73.988038,79
423,W 54 St & 9 Ave,40.76584941,-73.98690506,27
426,West St & Chambers St,40.71754834,-74.01322069,31
427,Bus Slip & State St,40.701907,-74.013942,47
428,E 3 St & 1 Ave,40.72467721,-73.98783413,41
432,E 7 St & Avenue A,40.72621788,-73.98379855,31
434,9 Ave & W 18 St,40.74317449,-74.00366443,59
435,W 21 St & 6 Ave,40.74173969,-73.99415556,50
436,Hancock St & Bedford Ave,40.68216564,-73.95399026,27
437,Macon St & Nostrand Ave,40.6809833854,-73.9500479759,24
438,St Marks Pl & 1 Ave,40.72779126,-73.98564945,47
439,E 4 St & 2 Ave,40.7262807,-73.98978041,43
440,E 45 St & 3 Ave,40.75255434,-73.97282625,32
442,W 27 St & 7 Ave,40.746647,-73.993915,51
443,Bedford Ave & S 9 St,40.70853074,-73.96408963,23
445,E 10 St & Avenue A,40.72740794,-73.98142006,81
446,W 24 St & 7 Ave,40.74487634,-73.99529885,77
447,8 Ave & W 52 St,40.76370739,-73.9851615,31
448,W 37 St & 10 Ave,40.75660359,-73.9979009,27
450,W 49 St & 8 Ave,40.76227205,-73.98788205,67
453,W 22 St & 8 Ave,40.74475148,-73.99915362,66
454,E 51 St & 1 Ave,40.75455731,-73.96592976,35
455,1 Ave & E 44 St,40.75001986,-73.96905301,59
456,E 53 St & Madison Ave,40.7597108,-73.97402311,34
457,Broadway & W 58 St,40.76695317,-73.98169333,79
458,11 Ave & W 27 St,40.751396,-74.005226,31
460,S 4 St & Wythe Ave,40.71285887,-73.96590294,25
461,E 20 St & 2 Ave,40.73587678,-73.98205027,56
462,W 22 St & 10 Ave,40.74691959,-74.00451887,77
464,E 56 St & 3 Ave,40.75934501,-73.96759673,53
465,Broadway & W 41 St,40.75513557,-73.98658032,39
466,W 25 St & 6 Ave,40.74395411,-73.99144871,35
468,Broadway & W 56 St,40.7652654,-73.98192338,79
469,Broadway & W 53 St,40.76344058,-73.98268129,3
470,W 20 St & 8 Ave,40.74345335,-74.00004031,84
471,Grand St & Havemeyer St,40.71286844,-73.95698119,31
472,E 32 St & Park Ave,40.7457121,-73.98194829,55
473,Rivington St & Chrystie St,40.72110063,-73.9919254,64
474,5 Ave & E 29 St,40.7451677,-73.98683077,50
476,E 31 St & 3 Ave,40.74394314,-73.97966069,65
477,W 41 St & 8 Ave,40.75640548,-73.9900262,71
478,11 Ave & W 41 St,40.76030096,-73.99884222,37
479,9 Ave & W 45 St,40.76019252,-73.9912551,31
480,W 53 St & 10 Ave,40.76669671,-73.99061728,29
481,S 3 St & Bedford Ave,40.71260486,-73.96264403,25
482,W 15 St & 7 Ave,40.73935542,-73.99931783,79
483,E 12 St & 3 Ave,40.73223272,-73.98889957,48
484,W 44 St & 5 Ave,40.75500254,-73.98014437,46
485,W 37 St & 5 Ave,40.75038009,-73.98338988,40
486,Broadway & W 29 St,40.7462009,-73.98855723,41
487,E 20 St & FDR Drive,40.73314259,-73.97573881,35
489,10 Ave & W 28 St,40.75066386,-74.00176802,49
490,8 Ave & W 33 St,40.751551,-73.993934,66
492,W 33 St & 7 Ave,40.75019995,-73.99093085,68
494,W 26 St & 8 Ave,40.74734825,-73.99723551,66
495,W 47 St & 10 Ave,40.76269882,-73.99301222,39
496,E 16 St & 5 Ave,40.73726186,-73.99238967,65
497,E 17 St & Broadway,40.73704984,-73.99009296,66
499,Broadway & W 60 St,40.76915505,-73.98191841,3
500,Broadway & W 51 St,40.76228826,-73.98336183,52
501,FDR Drive & E 35 St,40.744219,-73.97121214,83
502,Henry St & Grand St,40.714211,-73.981095,36
503,E 20 St & Park Ave,40.73827428,-73.98751968,31
504,1 Ave & E 16 St,40.73221853,-73.98165557,54
505,6 Ave & W 33 St,40.74901271,-73.98848395,52
507,E 25 St & 2 Ave,40.73912601,-73.97973776,79
508,W 46 St & 11 Ave,40.76341379,-73.99667444,25
509,9 Ave & W 22 St,40.7454973,-74.00197139,61
510,W 51 St & 6 Ave,40.7606597,-73.98042047,55
511,E 14 St & Avenue B,40.72938685,-73.97772429,31
512,W 29 St & 9 Ave,40.7500727,-73.99839279,29
513,W 56 St & 10 Ave,40.768254,-73.988639,29
514,12 Ave & W 40 St,40.76087502,-74.00277668,51
515,W 43 St & 10 Ave,40.76009437,-73.99461843,79
516,E 47 St & 1 Ave,40.75206862,-73.96784384,48
517,Pershing Square South,40.751581,-73.97791,69
519,Pershing Square North,40.751873,-73.977706,69
522,E 51 St & Lexington Ave,40.75714758,-73.97207836,51
525,W 34 St & 11 Ave,40.75594159,-74.0021163,56
526,E 33 St & 5 Ave,40.74765947,-73.98490707,40
528,2 Ave & E 31 St,40.74290902,-73.97706058,39
529,W 42 St & 8 Ave,40.7575699,-73.99098507,41
530,11 Ave & W 59 St,40.77149671054441,-73.99046033620834,24
531,Forsyth St & Broome St,40.71893904,-73.99266288,66
532,S 5 Pl & S 5 St,40.710451,-73.960876,43
536,1 Ave & E 30 St,40.74144387,-73.97536082,29
537,Lexington Ave & E 24 St,40.74025878,-73.98409214,53
539,Metropolitan Ave & Bedford Ave,40.71534825,-73.96024116,31
540,Lexington Ave & E 29 St,40.74311555376486,-73.98215353488922,54
545,E 23 St & 1 Ave,40.736502,-73.97809472,27
546,E 30 St & Park Ave S,40.74444921,-73.98303529,45
2000,Front St & Washington St,40.70255088,-73.98940236,57
2002,Wythe Ave & Metropolitan Ave,40.716887,-73.963198,57
2003,1 Ave & E 18 St,40.733812191966315,-73.98054420948029,54
2005,Railroad Ave & Kay Ave,40.70531194,-73.97100056,12
2006,Central Park S & 6 Ave,40.76590936,-73.97634151,49
2008,Little West St & 1 Pl,40.70569254,-74.01677685,24
2009,Catherine St & Monroe St,40.71117444,-73.99682619,35
2010,Grand St & Greene St,40.72170005235607,-74.00238141417502,65
2012,E 27 St & 1 Ave,40.739445,-73.976806,41
2017,E 43 St & 2 Ave,40.75022392,-73.97121414,52
2021,W 45 St & 8 Ave,40.75929124,-73.98859651,65
2022,E 60 St & York Ave,40.759107,-73.959223,33
3016,Kent Ave & N 7 St,40.72036775298455,-73.96165072917938,54
3041,Kingston Ave & Herkimer St,40.67890679,-73.94142771,24
3042,Fulton St & Utica Ave,40.6794268,-73.9298911,19
3043,Lewis Ave & Decatur St,40.6814598,-73.934903,19
3044,Albany Ave & Fulton St,40.6800105,-73.938475,27
3046,Marcus Garvey Blvd & Macon St,40.682601,-73.938037,19
3047,Halsey St & Tompkins Ave,40.6823687,-73.944118,21
3048,Putnam Ave & Nostrand Ave,40.68402,-73.94977,19
3049,Cambridge Pl & Gates Ave,40.68488,-73.96304,18
3050,Putnam Ave & Throop Ave,40.6851532,-73.94111,21
3052,Lewis Ave & Madison St,40.686312,-73.935775,23
3053,Marcy Ave & Lafayette Ave,40.6900815,-73.947915,23
3054,Greene Ave & Throop Ave,40.6894932,-73.942061,19
3055,Greene Ave & Nostrand Ave,40.6883337,-73.950916,23
3056,Kosciuszko St & Nostrand Ave,40.69072549,-73.95133465,23
3057,Kosciuszko St & Tompkins Ave,40.69128258,-73.9452416,18
3058,Lewis Ave & Kosciuszko St,40.69237074,-73.93705428,24
3059,Pulaski St & Marcus Garvey Blvd,40.6933982,-73.939877,19
3060,Willoughby Ave & Tompkins Ave,40.69425403,-73.94626915,19
3061,Throop Ave & Myrtle Ave,40.69622937,-73.94371094,21
3062,Myrtle Ave & Marcy Ave,40.69539817,-73.94954908,23
3063,Nostrand Ave & Myrtle Ave,40.69527008,-73.95238108,20
3064,Myrtle Ave & Lewis Ave,40.69681963,-73.93756926,23
3065,Union Ave & Wallabout St,40.70029511,-73.95032283,31
3066,Tompkins Ave & Hopkins St,40.69957608,-73.94708417,19
3067,Broadway & Whipple St,40.7016657,-73.9437303,27
3068,Humboldt St & Varet St,40.7031724,-73.940636,42
3069,Lorimer St & Broadway,40.70411791,-73.94818595,29
3070,McKibbin St & Manhattan Ave,40.70510918,-73.94407279,23
3071,Boerum St & Broadway,40.70538077,-73.94976519,19
3072,Leonard St & Boerum St,40.70583339,-73.94644578,24
3074,Montrose Ave & Bushwick Ave,40.70767788,-73.94016171,42
3075,Division Ave & Marcy Ave,40.70708701,-73.95796783,33
3076,Scholes St & Manhattan Ave,40.70870368,-73.9448625,36
3077,Stagg St & Union Ave,40.70877084,-73.95095259,33
3078,Broadway & Roebling St,40.70924826276157,-73.96063148975372,27
3080,S 4 St & Rodney St,40.70934,-73.95608,21
3081,Graham Ave & Grand St,40.711863,-73.944024,29
3082,Hope St & Union Ave,40.71167351,-73.95141312,25
3083,Bushwick Ave & Powers St,40.71247661,-73.94100005,32
3085,Roebling St & N 4 St,40.71469,-73.95739,25
3086,Graham Ave & Conselyea St,40.715143,-73.944507,30
3087,Metropolitan Ave & Meeker Ave,40.71413311,-73.95234386,30
3088,Union Ave & Jackson St,40.7160751,-73.952029,19
3092,Berry St & N 8 St,40.7190095,-73.95852515,27
3093,N 6 St & Bedford Ave,40.71745169,-73.95850939,28
3094,Graham Ave & Withers St,40.7169811,-73.94485918,18
3095,Graham Ave & Herbert St,40.71929301,-73.94500379,26
3096,Union Ave & N 12 St,40.71924,-73.95242,39
3100,Nassau Ave & Newell St,40.724812564400175,-73.94752621650696,51
3101,N 12 St & Bedford Ave,40.72079821,-73.95484712,27
3102,Driggs Ave & Lorimer St,40.72179134,-73.9504154,27
3105,N 15 St & Wythe Ave,40.724055,-73.955736,54
3106,Driggs Ave & N Henry St,40.72325,-73.94308,52
3107,Bedford Ave & Nassau Ave,40.72311651,-73.95212324,39
3108,Nassau Ave & Russell St,40.72557,-73.94434,51
3109,Banker St & Meserole Ave,40.72606,-73.95621,31
3110,Meserole Ave & Manhattan Ave,40.72708584,-73.95299117,28
3112,Milton St & Franklin St,40.72906,-73.95779,33
3113,Greenpoint Ave & Manhattan Ave,40.73026,-73.95394,27
3115,India St & Manhattan Ave,40.73232194,-73.9550858,50
3116,Huron St & Franklin St,40.73266,-73.95826,35
3117,Franklin St & Dupont St,40.73564,-73.95866,27
3118,McGuinness Blvd & Eagle St,40.73555,-73.95284,42
3119,Vernon Blvd & 50 Ave,40.74232744,-73.95411749,45
3121,Jackson Ave & 46 Rd,40.74524768,-73.94733276,27
3122,48 Ave & 5 St,40.744363287066875,-73.9558732509613,79
3123,31 St & Thomson Ave,40.74469738,-73.93540375,47
3124,46 Ave & 5 St,40.74731,-73.95451,43
3125,45 Rd & 11 St,40.74708586,-73.94977234,23
3126,44 Dr & Jackson Ave,40.74718234,-73.9432635,34
3127,9 St & 44 Rd,40.74966,-73.9521,34
3128,21 St & 43 Ave,40.75052534,-73.94594845,27
3129,Queens Plaza North & Crescent St,40.75110165,-73.94073717,40
3130,21 St & Queens Plaza North,40.75325964,-73.94335788,34
3131,E 68 St & 3 Ave,40.76712840349542,-73.96224617958069,36
3132,E 59 St & Madison Ave,40.76350532,-73.97109243,35
3134,3 Ave & E 62 St,40.76312584,-73.96526895,51
3135,E 75 St & 3 Ave,40.77112927,-73.95772297,41
3136,5 Ave & E 63 St,40.766368,-73.971518,51
3137,5 Ave & E 72 St,40.77282817,-73.96685276,31
3139,E 72 St & Park Ave,40.77118287540658,-73.96409422159195,43
3140,1 Ave & E 78 St,40.77140426,-73.9535166,57
3141,1 Ave & E 68 St,40.76500525,-73.95818491,62
3142,1 Ave & E 62 St,40.7612274,-73.96094022,45
3143,5 Ave & E 78 St,40.77632142182271,-73.96427392959595,47
3144,E 81 St & Park Ave,40.77677702,-73.9590097,46
3145,E 84 St & Park Ave,40.77862688,-73.95772073,45
3146,E 81 St & 3 Ave,40.77573034,-73.9567526,47
3147,E 85 St & 3 Ave,40.77801203,-73.95407149,39
3148,E 84 St & 1 Ave,40.77565541,-73.95068615,31
3150,E 85 St & York Ave,40.77536905,-73.94803392,47
3151,E 81 St & York Ave,40.7728384,-73.94989233,47
3152,3 Ave & E 71 St,40.76873687,-73.96119945,42
3154,E 77 St & 3 Ave,40.77314236,-73.95856158,46
3156,E 72 St & York Ave,40.76663814,-73.95348296,37
3157,East End Ave & E 86 St,40.77518615,-73.94446054,27
3158,W 63 St & Broadway,40.77163851,-73.98261428,31
3159,W 67 St & Broadway,40.77492513,-73.98266566,31
3160,Central Park West & W 76 St,40.77896784,-73.97374737,39
3161,W 76 St & Columbus Ave,40.7801839724239,-73.97728532552719,59
3163,Central Park West & W 68 St,40.7734066,-73.97782542,43
3164,Columbus Ave & W 72 St,40.7770575,-73.97898475,67
3165,Central Park West & W 72 St,40.77579376683666,-73.9762057363987,51
3166,Riverside Dr & W 72 St,40.78057799010334,-73.98562431335449,41
3167,Amsterdam Ave & W 73 St,40.77966809007312,-73.98093044757842,55
3169,Riverside Dr & W 82 St,40.78720869,-73.98128127,75
3170,W 84 St & Columbus Ave,40.78499979,-73.97283406,35
3171,Amsterdam Ave & W 82 St,40.78524672,-73.97667321,39
3172,W 74 St & Columbus Ave,40.7785669,-73.97754961,27
3173,Riverside Blvd & W 67 St,40.777507027547976,-73.98888587951659,79
3175,W 70 St & Amsterdam Ave,40.77748046,-73.98288594,43
3177,W 84 St & Broadway,40.7867947,-73.977112,63
3178,Riverside Dr & W 78 St,40.78414472,-73.98362492,79
3179,Park Ave & Marcus Garvey Blvd,40.698617,-73.941342,23
3184,Paulus Hook,40.7141454,-74.0335519,14
3185,City Hall,40.7177325,-74.043845,22
3186,Grove St PATH,40.71958611647166,-74.04311746358871,42
3187,Warren St,40.7211236,-74.03805095,22
3191,Union St,40.7182113,-74.0836394,18
3192,Liberty Light Rail,40.7112423,-74.0557013,22
3193,Lincoln Park,40.7246050998869,-74.07840594649315,18
3194,McGinley Square,40.7253399253558,-74.06762212514877,22
3195,Sip Ave,40.73089709786179,-74.06391263008118,34
3196,Riverview Park,40.7443187,-74.0439909,18
3198,Heights Elevator,40.748715945380226,-74.04044330120087,18
3199,Newport Pkwy,40.7287448,-74.0321082,14
3201,Dey St,40.737711,-74.066921,18
3202,Newport PATH,40.7272235,-74.0337589,18
3203,Hamilton Park,40.727595966,-74.044247311,26
3205,JC Medical Center,40.71653978099194,-74.0496379137039,22
3206,Hilltop,40.7311689,-74.0575736,26
3207,Oakland Ave,40.7376037,-74.0524783,26
3209,Brunswick St,40.7241765,-74.0506564,22
3210,Pershing Field,40.742677141,-74.051788633,18
3211,Newark Ave,40.72152515,-74.046304543,22
3212,Christ Hospital,40.734785818,-74.050443636,22
3213,Van Vorst Park,40.71848892,-74.047726625,22
3214,Essex Light Rail,40.7127742,-74.0364857,22
3220,5 Corners Library,40.734961020009514,-74.0595030784607,18
3221,47 Ave & 31 St,40.743,-73.93561,27
3225,Baldwin at Montgomery,40.7236589,-74.0641943,14
3226,W 82 St & Central Park West,40.78275,-73.97137,45
3231,E 67 St & Park Ave,40.76780080148132,-73.96592080593109,39
3232,Bond St & Fulton St,40.68962188790333,-73.98304268717766,47
3233,E 48 St & 5 Ave,40.75724567911726,-73.97805914282799,42
3235,E 41 St & Madison Ave,40.752165280621966,-73.97992193698882,34
3236,W 42 St & Dyer Ave,40.75898481399634,-73.99379968643188,33
3241,Monroe St & Tompkins Ave,40.686203,-73.944694,19
3242,Schermerhorn St & Court St,40.69102925677968,-73.99183362722397,59
3243,E 58 St & 1 Ave (NE Corner),40.75892386377695,-73.96226227283478,29
3244,University Pl & E 8 St,40.73143724085228,-73.99490341544151,79
3246,Montague St & Clinton St,40.6942715,-73.9923272,49
3249,Verona Pl & Fulton St,40.6803560840434,-73.9476791024208,19
3254,Soissons Landing,40.69231660719192,-74.01486575603485,29
3255,8 Ave & W 31 St,40.7505853470215,-73.9946848154068,18
3256,Pier 40 - Hudson River Park,40.7277140777778,-74.01129573583603,23
3260,Mercer St & Bleecker St,40.72706363348306,-73.99662137031554,45
3263,Cooper Square & Astor Pl,40.72951496224949,-73.99075269699097,59
3267,Morris Canal,40.7124188237569,-74.03852552175522,14
3268,Lafayette Park,40.71346382669195,-74.06285852193832,14
3269,Brunswick & 6th,40.72601172964625,-74.05038893222809,14
3270,Jersey & 6th St,40.72528910781132,-74.04557168483734,14
3272,Jersey & 3rd,40.72333158646436,-74.04595255851744,14
3273,Manila & 1st,40.721650724879986,-74.04288411140442,18
3275,Columbus Drive,40.71835519823214,-74.03891444206238,14
3276,Marin Light Rail,40.71458403535893,-74.04281705617905,26
3277,Communipaw & Berry Lane,40.71435836870427,-74.06661093235016,14
3278,Monmouth and 6th,40.72568548362901,-74.04879033565521,14
3279,Dixon Mills,40.721630142638354,-74.04996782541275,18
3280,Astor Place,40.71928220070702,-74.07126188278198,14
3281,Leonard Gordon Park,40.74590996631558,-74.0572714805603,14
3283,W 89 St & Columbus Ave,40.7882213,-73.97041561,47
3284,E 88 St & Park Ave,40.781410700190015,-73.95595908164978,34
3285,W 87 St & Amsterdam Ave,40.78839,-73.9747,43
3286,E 89 St & 3 Ave,40.7806284,-73.9521667,39
3287,W 87 St & West End Ave,40.789622,-73.97757,47
3288,E 88 St & 1 Ave,40.778301,-73.9488134,39
3289,W 90 St & Amsterdam Ave,40.79017948095081,-73.97288918495178,32
3290,E 89 St & York Ave,40.7779453,-73.946041,35
3292,5 Ave & E 93 St,40.7857851,-73.957481,43
3293,W 92 St & Broadway,40.7921,-73.9739,24
3294,E 91 St & Park Ave,40.7835016,-73.955327,38
3296,E 93 St & 2 Ave,40.782454175279874,-73.9489196240902,73
3297,6 St & 7 Ave,40.6686627,-73.97988067,21
3298,Warren St & Court St,40.686371,-73.99383324,31
3299,E 98 St & Park Ave,40.78813,-73.95206,25
3300,Prospect Park West & 8 St,40.66514681533792,-73.97637605667114,25
3301,Columbus Ave & W 95 St,40.7919557,-73.968087,39
3302,Columbus Ave & W 103 St,40.7969347,-73.9643412291,40
3303,Butler St & Court St,40.6849894,-73.99440329,35
3304,6 Ave & 9 St,40.668127,-73.98377641,27
3305,E 91 St & 2 Ave,40.781152764279156,-73.94963040947914,73
3306,10 St & 7 Ave,40.6662078,-73.98199886,23
3307,West End Ave & W 94 St,40.7941654,-73.974124,31
3308,Kane St & Clinton St,40.6861758,-73.99645295,27
3309,E 97 St & 3 Ave,40.7859201,-73.94860294,30
3310,14 St & 7 Ave,40.663779,-73.98396846,24
3311,Columbia St & Kane St,40.68763155,-74.0016256,20
3312,1 Ave & E 94 St,40.7817212,-73.94594,39
3313,6 Ave & 12 St,40.6663181,-73.9854617,29
3314,W 95 St & Broadway,40.7937704,-73.971888,32
3315,Henry St & Degraw St,40.6847514,-73.99917254,23
3317,10 St & 5 Ave,40.6686273,-73.98700053,24
3318,2 Ave & E 96 St,40.7839636,-73.9471673,45
3319,14 St & 5 Ave,40.666287,-73.98895053,21
3321,Clinton St & Union St,40.6831164,-73.99785267,38
3322,12 St & 4 Ave,40.668603,-73.9904394,25
3323,W 106 St & Central Park West,40.7981856,-73.9605909006,59
3324,3 Ave & 14 St,40.6685455,-73.99333264,25
3325,E 95 St & 3 Ave,40.7849032,-73.950503,31
3326,Clinton St & Centre St,40.67434,-74.00194698,21
3327,3 Ave & E 100 St,40.7877214,-73.94728331,27
3328,W 100 St & Manhattan Ave,40.795,-73.9645,39
3329,Degraw St & Smith St,40.6829151,-73.99318208,27
3330,Henry St & Bay St,40.6725058,-74.00494695,19
3331,Riverside Dr & W 104 St,40.8013434,-73.9711457439,58
3332,Degraw St & Hoyt St,40.681990442707026,-73.99079024791718,27
3333,Columbia St & Lorraine St,40.6747055,-74.0075572,37
3335,Union St & 4 Ave,40.6772744,-73.98282002,28
3336,E 97 St & Madison Ave,40.787801,-73.953559,41
3337,Dwight St & Van Dyke St,40.67363551341504,-74.01195555925369,23
3338,2 Ave & E 99 St,40.7862586,-73.94552579,31
3339,Berkeley Pl & 6 Ave,40.6765304,-73.97846879,41
3340,Wolcott St & Dwight St,40.6753274,-74.0100698,21
3342,Pioneer St & Richards St,40.6777748,-74.0094613,23
3343,W 107 St & Columbus Ave,40.7997568,-73.9621128676,23
3344,Pioneer St & Van Brunt St,40.679043,-74.011169,39
3345,Madison Ave & E 99 St,40.78948541553215,-73.95242929458618,35
3346,Berkeley Pl & 7 Ave,40.675146838709786,-73.97523209452629,29
3347,Van Brunt St & Wolcott St,40.6773429,-74.01275056,36
3348,Coffey St & Conover St,40.677236,-74.015665,32
3349,Grand Army Plaza & Plaza St West,40.6729679,-73.97087984,39
3350,W 100 St & Broadway,40.7973721,-73.97041192,39
3351,E 102 St & 1 Ave,40.7869946,-73.94164802,25
3352,Sigourney St & Columbia St,40.67267243410948,-74.0087952464819,21
3354,3 St & Prospect Park West,40.668132,-73.97363831,31
3355,E 66 St & Madison Ave,40.76800889305947,-73.96845281124115,25
3356,Amsterdam Ave & W 66 St,40.7746671,-73.98470567,21
3357,W 106 St & Amsterdam Ave,40.8008363,-73.9664492472,35
3358,Garfield Pl & 8 Ave,40.6711978,-73.97484126,25
3359,E 68 St & Madison Ave,40.7691572,-73.96703464,59
3360,Amsterdam Ave & W 79 St,40.7829391,-73.9786517,48
3361,Carroll St & 6 Ave,40.6740886,-73.9787282,23
3362,Madison Ave & E 82 St,40.7781314,-73.96069399,34
3363,E 102 St & Park Ave,40.7904828,-73.95033068,33
3364,Carroll St & 5 Ave,40.6751622,-73.9814832,27
3365,3 St & 7 Ave,40.6703837,-73.97839676,27
3366,West End Ave & W 107 St,40.8021174,-73.9681805305,31
3367,5 Ave & E 103 St,40.7922553,-73.95249933,39
3368,5 Ave & 3 St,40.6728155,-73.98352355,30
3369,E 82 St & East End Ave,40.7724607,-73.9468208,29
3370,E 78 St & 2 Ave,40.7727966,-73.95577801,25
3372,E 74 St & 1 Ave,40.7689738,-73.95482273,79
3373,3 St & 3 Ave,40.6750705,-73.98775226,79
3374,Central Park North & Adam Clayton Powell Blvd,40.799484,-73.955613,36
3375,3 Ave & E 72 St,40.7699426,-73.96060712,35
3376,E 65 St & 2 Ave,40.76471851944339,-73.96222069859505,48
3377,Carroll St & Bond St,40.6786115,-73.99037292,25
3378,E 76 St & Park Ave,40.773763,-73.96222088,28
3379,E 103 St & Lexington Ave,40.7903051,-73.94755757,0
3381,3 St & Hoyt St,40.6777287,-73.99364123,53
3382,Carroll St & Smith St,40.680611,-73.99475825,41
3383,Cathedral Pkwy & Broadway,40.804213,-73.96699104,25
3384,Smith St & 3 St,40.6787242,-73.99599099,25
3386,1 Pl & Clinton St,40.6809591,-73.99905709,34
3387,E 106 St & Madison Ave,40.7934337,-73.94945003,25
3388,President St & Henry St,40.6828003,-73.99990419,25
3389,Carroll St & Columbia St,40.6830456,-74.00348559,39
3390,E 109 St & 3 Ave,40.79329668,-73.9432083,24
3391,E 106 St & 1 Ave,40.7892529,-73.93956237,26
3392,Commerce St & Van Brunt St,40.6812117,-74.00860912,19
3393,Richards St & Delavan St,40.6794327,-74.00785041,19
3394,Columbia St & W 9 St,40.6769993,-74.00647134,21
3395,Henry St & W 9 St,40.6763744,-74.00324957,19
3396,Clinton St & 4 Place,40.6783563,-74.00014502,25
3397,Court St & Nelson St,40.6763947,-73.99869893,33
3398,Smith St & 9 St,40.6746957,-73.99785768,23
3399,7 St & 3 Ave,40.67260298150126,-73.98983001708984,24
3400,E 110 St & Madison Ave,40.7961535,-73.94782145,24
3402,Court St & State St,40.6902375,-73.99203074,32
3403,4 Ave & 9 St,40.6705135,-73.98876585,31
3404,7 St & 5 Ave,40.6704922,-73.98541675,27
3405,5 St & 6 Ave,40.6704836,-73.98208968,23
3407,Union St & Nevins St,40.67909799721684,-73.98765474557877,35
3409,Bergen St & Smith St,40.6867443,-73.99063168,48
3410,Dean St & Hoyt St,40.6864442,-73.98759104,77
3411,Bond St & Bergen St,40.6849668,-73.98620772,27
3412,Pacific St & Nevins St,40.6853761,-73.98302136,18
3414,Bergen St & Flatbush Ave,40.680944723477296,-73.97567331790923,33
3415,Prospect Pl & 6 Ave,40.6793307,-73.97519523,25
3416,7 Ave & Park Pl,40.6776147,-73.97324283,25
3417,Baltic St & 5 Ave,40.6795766,-73.97854971,27
3418,Plaza St West & Flatbush Ave,40.6750207,-73.97111473,33
3419,Douglass St & 4 Ave,40.6792788,-73.98154004,51
3420,Douglass St & 3 Ave,40.6802133,-73.98432695,35
3421,Hoyt St & Warren St,40.6843549,-73.98901629,35
3422,Columbia St & Degraw St,40.6859296,-74.00242364,21
3423,West Drive & Prospect Park West,40.6610633719006,-73.97945255041122,29
3424,E 106 St & Lexington Ave,40.791976,-73.945993,27
3425,2 Ave & E 104 St,40.7892105,-73.94370784,33
3429,Hanson Pl & Ashland Pl,40.68506807308177,-73.97790759801863,39
3430,Richardson St & N Henry St,40.71907891179564,-73.94223690032959,25
3435,Grand St & Elizabeth St,40.718822,-73.99596,45
3436,Greenwich St & Hubert St,40.721319,-74.010065,35
3437,Riverside Dr & W 91 St,40.79313480986663,-73.97700369358063,59
3440,Fulton St & Adams St,40.692418292578466,-73.98949474096298,47
3443,W 52 St & 6 Ave,40.76132983124814,-73.97982001304626,41
3452,Bayard St & Leonard St,40.71915571696044,-73.94885390996933,43
3453,Devoe St & Lorimer St,40.71335226222875,-73.9491033554077,19
3454,Leonard St & Maujer St,40.7103685423523,-73.94705951213837,24
3456,Jackson St & Leonard St,40.71638031973561,-73.94821286201477,22
3457,E 58 St & Madison Ave,40.76302594280519,-73.97209525108337,46
3461,Murray St & Greenwich St,40.714851505262516,-74.01122331619263,33
3462,E 44 St & 2 Ave,40.75118387463277,-73.97138714790344,39
3463,E 16 St & Irving Pl,40.735367055605394,-73.98797392845154,90
3467,W Broadway & Spring St,40.72494672359416,-74.00165855884552,46
3472,W 15 St & 10 Ave,40.742753828659026,-74.00747358798981,39
3477,39 St & 2 Ave,40.65539977447831,-74.01062786579132,33
3478,2 Ave & 36 St,40.65708866668485,-74.00870203971863,43
3479,Picnic Point,40.68512559515415,-74.02535319328308,45
3481,York St,40.71649,-74.04105,0
3483,Montgomery St,40.71942,-74.05099,14
3486,Schermerhorn St & Bond St,40.688417427540834,-73.98451656103134,40
3490,E 116 St & 2 Ave,40.796879,-73.937261,31
3491,E 118 St & 1 Ave,40.79747,-73.93504,24
3492,E 118 St & Park Ave,40.8005385,-73.9419949,27
3493,E 118 St & 3 Ave,40.799139,-73.9389152,31
3494,E 115 St & Lexington Ave,40.797911,-73.9423,25
3495,E 114 St & 1 Ave,40.7945663,-73.9362541,26
3496,1 Ave & E 110 St,40.7923272,-73.9383,25
3497,Pleasant Ave & E 116 St,40.7949879,-73.9333349,23
3498,Pleasant Ave & E 120 St,40.7974772,-73.9311847,21
3499,2 Ave & E 122 St,40.8006721,-73.9349,25
3500,E 115 St & Madison Ave,40.7989445,-73.944846,31
3501,E 118 St & Madison Ave,40.8014866,-73.9442507,29
3502,Lexington Ave & E 111 St,40.7954121,-73.9441232,29
3503,Madison Ave & E 120 St,40.80295,-73.942954,30
3504,E 123 St & Lexington Ave,40.8029263,-73.9379,27
3505,Lexington Ave & E 127 St,40.805726,-73.936322,33
3506,Lexington Ave & E 120 St,40.8013066,-73.9398167,29
3507,Park Ave & E 124 St,40.8045555,-73.9396861,36
3508,St Nicholas Ave & Manhattan Ave,40.809725,-73.953149,31
3509,Lenox Ave & W 115 St,40.8011939,-73.9500739,31
3510,Adam Clayton Powell Blvd & W 123 St,40.8078316,-73.949373,31
3511,Adam Clayton Powell Blvd & W 115 St,40.802535,-73.9532423,22
3513,21 St & Hoyt Ave S,40.774645,-73.923706,33
3514,Astoria Park S & Shore Blvd,40.7767,-73.927631,33
3515,24 Ave & 26 St,40.774591,-73.918544,19
3516,31 St & Astoria Blvd,40.7699176,-73.9184057,31
3517,31 St & Hoyt Ave N,40.7711528,-73.9170074,35
3518,Lenox Ave & W 126 St,40.808442,-73.9452087,34
3520,Adam Clayton Powell Blvd & W 118 St,40.804372,-73.951475,27
3521,Lenox Ave & W 111 St,40.7987859,-73.9523,36
3522,37 St & 24 Ave,40.7701477,-73.9120938,19
3523,24 Ave & 29 St,40.7729,-73.916142,45
3524,19 St & 24 Ave,40.7774552,-73.9225403,23
3525,23 Ave & 27 St,40.776165,-73.9153175,21
3526,31 St & 23 Ave,40.7747878,-73.9125551,18
3528,Steinway St & 23 Ave,40.7713937,-73.9077436,21
3529,Lenox Ave & W 130 St,40.8107922,-73.9430681,25
3530,Crescent St & Ditmars Blvd,40.7787185,-73.9145645,19
3531,Frederick Douglass Blvd & W 129 St,40.8125511,-73.9492286,27
3532,Ditmars Blvd & 19 St,40.78145,-73.9183302,27
3533,St. Nicholas Ave & W 126 St,40.8114323,-73.9518776,34
3534,Frederick Douglass Blvd & W 117 St,40.805159,-73.954692,39
3535,Mt Morris Park W & W 120 St,40.804038,-73.945925,0
3536,W 116 St & Broadway,40.8082,-73.9641,43
3537,Carlton Ave & Dean St,40.6809741,-73.9710097,29
3538,W 110 St & Amsterdam Ave,40.802692,-73.96295,45
3539,W 116 St & Amsterdam Ave,40.8067581,-73.9607082,43
3540,Morningside Ave & W 123 St,40.81,-73.9551508,35
3541,Amsterdam Ave & W 125 St,40.813358,-73.956461,39
3543,Morningside Dr & Amsterdam Ave,40.81028506306003,-73.95736455917358,35
3544,Underhill Ave & Pacific St,40.6804836,-73.9646795,27
3545,Broadway & W 122 St,40.8120562,-73.9612547,33
3546,Pacific St & Classon Ave,40.6791944,-73.9587903,21
3547,Broadway & Moylan Pl,40.8143256,-73.9590255,41
3549,Grand Ave & Bergen St,40.678045,-73.962408,25
3551,3 Ave & E 112 St,40.795508,-73.941606,23
3552,W 113 St & Broadway,40.805973,-73.964928,39
3553,Frederick Douglass Blvd & W 112 St,40.801694,-73.957145,37
3554,Vernon Blvd & 41 Rd,40.7552433,-73.9485678,26
3555,28 St & 41 Ave,40.751047,-73.93797,27
3557,40 Ave & 9 St,40.75742,-73.945133,19
3558,Bergen St & Vanderbilt Ave,40.6794388,-73.9680438,27
3559,21 St & 38 Ave,40.7576314,-73.9391224,18
3561,37 Ave & 35 St,40.7531106,-73.9279917,26
3562,Classon Ave & St Marks Ave,40.6765198,-73.9596082,27
3563,28 St & 36 Ave,40.757186,-73.932719,29
3564,21 St & 36 Ave,40.7601853,-73.9362726,19
3565,36 Ave & 10 St,40.7614376,-73.9411265,19
3566,Crescent St & 35 Ave,40.7596276,-73.9321455,25
3568,34 St & 35 Ave,40.7569332,-73.9262231,21
3569,Franklin Ave & St Marks Ave,40.6758324,-73.9561677,29
3570,35 Ave & 37 St,40.7557327,-73.9236611,31
3571,Bedford Ave & Bergen St,40.676368,-73.952918,24
3572,34 Ave & 38 St,40.756913,-73.921631,33
3573,35 St & 34 Ave,40.7580583,-73.9242751,25
3574,Prospect Pl & Underhill Ave,40.6769694,-73.96579,23
3575,Crescent St & 34 Ave,40.76108,-73.930562,27
3577,34 Ave & 21 St,40.7628138,-73.9342862,23
3578,Park Pl & Franklin Ave,40.6741806,-73.9564947,21
3579,Sterling Pl & Bedford Ave,40.672695,-73.954131,25
3580,St Johns Pl & Washington Ave,40.6737236,-73.9631611,30
3581,Underhill Ave & Lincoln Pl,40.6740123,-73.9671457,27
3582,Lincoln Pl & Classon Ave,40.6721683,-73.9609,28
3583,Eastern Pkwy & Washington Ave,40.6716493,-73.9631145,31
3584,Eastern Pkwy & Franklin Ave,40.6707767,-73.9576801,42
3585,Union St & Bedford Ave,40.6691783,-73.9554162,24
3586,34 Ave & 13 St,40.7638753,-73.9364848,19
3587,Carroll St & Washington Ave,40.6686744,-73.9618148,27
3588,Vernon Blvd & 10 St,40.7671863,-73.9373554,41
3589,Broadway & 12 St,40.7668,-73.9347774,31
3590,Carroll St & Franklin Ave,40.6679411,-73.9588,19
3591,21 St & 31 Dr,40.7659,-73.930819,21
3592,Crescent St & Broadway,40.7633589,-73.9286471,19
3593,31 St & Broadway,40.761584,-73.925921,35
3595,35 St & Broadway,40.760339,-73.9222427,18
3596,Sullivan Pl & Bedford Ave,40.6642406,-73.9574686,19
3597,43 St & Broadway,40.7577284,-73.9166368,25
3598,Newton Rd & 44 St,40.7595701,-73.9142678,19
3600,31 Ave & Steinway St,40.7611488,-73.9170071,27
3601,Sterling St & Bedford Ave,40.6627059,-73.9569115,19
3602,31 Ave & 34 St,40.763154,-73.920827,23
3603,31 Ave & 30 St,40.7647,-73.9240312,21
3604,Rogers Ave & Sterling St,40.6630619,-73.9538746,17
3605,31 Ave & Crescent St,40.7658346,-73.9265474,21
3606,49 Ave & 21 St,40.74252,-73.948852,21
3607,31 Ave & 14 St,40.7682,-73.9322662,19
3608,5 St & 51 Ave,40.7423737,-73.9566,21
3609,Vernon Blvd & 31 Ave,40.7692475,-73.9354504,23
3610,Vernon Blvd & 30 Rd,40.770845,-73.934171,33
3611,Vernon Blvd & 47 Rd,40.7449067,-73.9534573,31
3612,30 Ave & 21 St,40.7703743,-73.9286078,14
3613,Center Blvd & 48 Ave,40.745038,-73.957539,27
3614,Crescent St & 30 Ave,40.768692,-73.9249574,23
3615,44 Dr & 21 St,40.748,-73.9460927,21
3616,Steinway St & 28 Ave,40.7656251,-73.9136695,25
3617,28 Ave & 35 St,40.7671,-73.9169858,27
3618,27 St & Hunter St,40.7485,-73.941275,33
3619,Newtown Ave & 23 St,40.7713615,-73.9246145,27
3620,11 St & 43 Ave,40.7519071,-73.9479119,28
3621,27 Ave & 9 St,40.7739825,-73.9309134,40
3622,E 128 St & Madison Ave,40.80756,-73.939182,23
3623,W 120 St & Claremont Ave,40.8109494,-73.9634,39
3628,Lenox Ave & W 117 St,40.8025566,-73.9490782,31
3629,Adam Clayton Powell Blvd & W 126 St,40.809495347779475,-73.94776493310928,33
3630,Frederick Douglass Blvd & W 115 St,40.8038654,-73.9559308,33
3635,W 36 St & 9 Ave,40.75462324029105,-73.99516761302948,43
3637,Fulton St & Waverly Ave,40.683238654603414,-73.96599590778351,31
3638,Washington St,40.7242941,-74.0354826,18
3639,Harborside,40.7192517,-74.034234,30
3640,Journal Square,40.73367,-74.0625,18
3641,Broadway & W 25 St,40.74286877312112,-73.98918628692627,54
3646,35 Ave & 10 St,40.76315481910373,-73.93985509872437,26
3647,48 Ave & 30 Pl,40.74128309355993,-73.93725872039794,23
3648,Flushing Ave & Vanderbilt Ave,40.697950315695444,-73.97077560424805,25
3649,W 129 St & Convent Ave,40.814394437915816,-73.95324736833572,30
3654,31 St & Northern Blvd,40.75186951421875,-73.93349289894103,35
3656,E 2 St & Avenue A,40.72307749068673,-73.98583620786667,46
3658,W 18 St & 9 Ave,40.7435337324616,-74.00367558002472,27
3661,Montgomery St & Franklin Ave,40.666439306870814,-73.9605563879013,19
3664,North Moore St & Greenwich St,40.72019521437465,-74.0103006362915,29
3668,Leonard St & Nassau Ave,40.7239567849954,-73.94984364509583,26
3671,E 81 St & 2 Ave,40.774779448957275,-73.95427465438843,37
3673,Dean St & Franklin Ave,40.67759206937376,-73.955637216568,21
3674,Jay St & York St,40.701403172577244,-73.98672670125961,27
3676,Van Brunt St & Van Dyke St,40.6758329439129,-74.01472628116608,24
3677,Glenwood Ave,40.72755146730012,-74.07106071710587,18
3678,Fairmount Ave,40.72572613742557,-74.07195925712585,0
3679,Bergen Ave,40.722103786686034,-74.07145500183105,14
3681,Grand St,40.71517767732029,-74.03768330812454,18
3686,Gansevoort St & Hudson St,40.739448201304036,-74.00507032871246,39
3687,E 33 St & 1 Ave,40.74322681432173,-73.97449783980846,83
3688,2 Ave & E 55 St,40.757920208794026,-73.96638214588165,29
3689,W 104 St & Amsterdam Ave,40.799041392882984,-73.96649479866028,47
3690,Park Pl & Church St,40.71334184275907,-74.00935515761375,36
3691,28 Ave & 44 St,40.76408932350688,-73.91065120697021,19
3693,N 11 St & Kent Ave,40.72248188638219,-73.95921930670738,27
3694,Jackson Square,40.71113,-74.0789,18
3697,W 64 St & Thelonious Monk Circle,40.77515953434235,-73.98918695747852,43
3699,W 50 St & 9 Ave,40.763604677958625,-73.98917958140373,30
3704,47 Ave & Skillman Ave,40.7437524099784,-73.94176483154297,19
3705,Thompson St & Bleecker St,40.72840059450829,-73.99968780577183,41
3707,Lexington Ave & E 26 St,40.741459,-73.983293,55
3708,W 13 St & 5 Ave,40.735445,-73.99431,29
3709,W 15 St & 6 Ave,40.738046142482766,-73.99642959237099,51
3711,E 13 St & Avenue A,40.72966729392978,-73.98067966103554,47
3712,W 35 St & Dyer Ave,40.754691750226016,-73.99740189313889,41
3714,Division Ave & Hooper St,40.70684203101325,-73.9544353965357,61
3715,Driggs Ave & N 9 St,40.71816969454208,-73.95520135760307,31
3716,40 Ave & Crescent St,40.753599202005596,-73.93795609474182,23
3718,E 11 St & Avenue B,40.72746420692392,-73.97950418293476,46
3721,31 St & Newtown Ave,40.7675487799971,-73.9209334552288,37
3724,7 Ave & Central Park South,40.7667405590595,-73.9790689945221,39
3725,2 Ave & E 72 St,40.7687620293096,-73.95840793848038,55
3726,Center Blvd & 51 Ave,40.743366080270214,-73.95960688591003,23
3727,Frost St & Meeker Ave,40.71766197083994,-73.94880026578903,38
3728,Pierrepont St & Monroe Pl,40.69535693320225,-73.99344027042389,24
3731,W 47 St & 6 Ave,40.758397,-73.98255,46
3733,Avenue C & E 18 St,40.730563,-73.973984,46
3734,E 58 St & 1 Ave (NW Corner),40.759125,-73.962658,50
3735,W 30 St & 10 Ave,40.752694,-74.002353,38
3736,E 12 St & Ave C,40.727243,-73.976831,41
3737,Stanton St & Norfolk St,40.720747,-73.986274,35
3738,Delancey St & Eldridge St,40.719383,-73.991479,31
3739,Perry St & Greenwich Ave,40.735918,-74.000939,37
3740,W Broadway & W Houston St,40.726378,-74.000472,34
3745,36 Ave & 31 St,40.75651272984955,-73.92957486212252,27
3746,6 Ave & Broome St,40.72431,-74.00473,48
3749,Lexington Ave & E 36 St,40.747573958954796,-73.9788007736206,23
3755,DeKalb Ave & Franklin Ave,40.69064807082943,-73.95746178925037,19
3756,White St & Moore St,40.704508,-73.9351,21
3757,Stagg St & Morgan Ave,40.710681,-73.93372,23
3758,George St & Wilson Ave,40.702997,-73.92997,19
3759,Irving Ave & Jefferson St,40.70538,-73.92535,19
3760,Willoughby Ave & Wyckoff Ave,40.705614,-73.92153,23
3761,Cedar St & Myrtle Ave,40.697842,-73.926241,24
3762,3 Ave & Carroll St,40.677027,-73.9865,27
3763,Wyckoff Av & Jefferson St,40.707165,-73.923711,27
3764,Bushwick Ave & McKibbin St,40.705517,-73.93936,21
3765,Bushwick Ave & Stagg St,40.709897,-73.94008,21
3766,Sharon St & Olive St,40.715353,-73.93856,24
3767,Powers St & Olive St,40.71323,-73.93894,19
3768,Waterbury St & Stagg St,40.71019,-73.93734,23
3769,White St & Johnson Ave,40.707174,-73.93581,23
3770,Central Ave & Flushing Ave,40.702831,-73.9333,21
3771,McKibbin St & Bogart St,40.706237,-73.933871,30
3772,Devoe St & Morgan Ave,40.713811,-73.93515,19
3773,Knickerbocker Ave & Thames St,40.70539,-73.92976,20
3774,Knickerbocker Ave & George St,40.704425,-73.92836,23
3775,Suydam St & Knickerbocker Ave,40.702013,-73.923769,27
3776,Central Ave & Starr Street,40.700003,-73.92834,23
3777,Stockholm St & Wilson Ave,40.699304,-73.923044,23
3778,Irving Ave & DeKalb Ave,40.7027,-73.92095,27
3779,Hart St & Wyckoff Ave,40.704876,-73.919911,24
3780,Wyckoff Av & Stanhope St,40.703545,-73.917775,22
3781,Greene Av & Myrtle Av,40.698568,-73.918877,30
3782,Brooklyn Bridge Park - Pier 2,40.698458,-73.997178,31
3783,Cliff St & Fulton St,40.70838,-74.00495,65
3785,W 42 St & 6 Ave,40.75492,-73.98455,37
3786,Division St & Bowery,40.714193,-73.996732,49
3787,Dock 72 Way & Market St,40.69985,-73.97141,22
3789,Fulton St & Irving Pl,40.68186,-73.959432,31
3790,Henry St & Middagh St,40.7003,-73.991581,37
3791,Hoboken Ave at Monmouth St,40.73520838045357,-74.04696375131607,32
3792,Columbus Dr at Exchange Pl,40.71687,-74.03281,30
3795,10 St & 2 Ave,40.671907,-73.993612,19
3798,W 40 St & 5 Ave,40.752269,-73.982079,0
3799,6 Ave & W 34 St,40.74964,-73.98805,67
3803,Bedford Ave & Montgomery St,40.665816,-73.956934,27
3804,Front St & Jay St,40.702461,-73.986842,24
3808,24 St & 41 Ave,40.752474,-73.939991,19
3809,W 55 St & 6 Ave,40.763189,-73.978434,53
3811,27 Ave & 3 St,40.77485,-73.9342,19
3812,University Pl & E 14 St,40.734814,-73.992085,49
3813,W 20 St & 10 Ave,40.745686,-74.005141,49
3814,E 56 St & Madison Ave,40.761573,-73.972628,23
3815,E 51 St & 2 Ave,40.755293,-73.967641,41
3816,Metropolitan Ave & Vandervoort Ave,40.71429,-73.93323,24
3817,Withers St & Kingsland Ave,40.71773,-73.94051,18
3818,Calyer St & Jewel St,40.72984,-73.94839,40
3819,Green St & McGuinness Blvd,40.73396,-73.95204,20
3820,Willoughby Ave & Myrtle Ave,40.69757,-73.93098,19
3821,Evergreen Ave & Noll St,40.70106,-73.93318,25
3822,Bushwick Ave & Forrest St,40.70076,-73.93641,20
3823,Beaver St & Fayette St,40.70099,-73.93921,30
3824,Van Sinderen Ave & Truxton St,40.6786,-73.90369,23
3825,Broadway & Furman Ave,40.68139,-73.90756,29
3826,Moffat St & Bushwick,40.68458,-73.90925,18
3827,Halsey St & Broadway,40.68565,-73.91564,20
3828,Eldert St & Bushwick Ave,40.68652,-73.91321,22
3829,Central Ave & Decatur St,40.6882,-73.90798,24
3830,Halsey St & Evergreen Ave,40.68858,-73.91227,22
3831,Broadway & Hancock St,40.68663,-73.9168,35
3832,Central Ave & Weirfield St,40.69055,-73.91181,21
3833,Madison St & Evergreen Ave,40.69122,-73.91693,18
3834,Irving Ave & Halsey St,40.69467,-73.90663,19
3835,Knickerbocker Ave & Hancock St,40.69385,-73.90974,22
3836,Bushwick Ave & Linden St,40.69146,-73.92146,29
3837,Broadway & Kosciuszko St,40.69329,-73.92852,29
3838,Bushwick Ave & Harman St,40.69356,-73.92524,25
3839,Putnam Ave & Knickerbocker Ave,40.69545,-73.91164,29
3840,Putnam Ave & Wyckoff Ave,40.69811,-73.90904,24
3841,Menahan St & Central Ave,40.69543,-73.9196,25
3842,Bushwick Ave & Dekalb Ave,40.69502,-73.92825,29
3843,Myrtle Ave & Grove St,40.69905,-73.91516,23
3844,Myrtle Ave & Linden St,40.69943,-73.91337,25
3845,Irving Ave & Harman St,40.70108,-73.9179,21
3846,Central Ave & Himrod St,40.69676,-73.92302,25
3847,Cedar St & Evergreen Ave,40.69671,-73.92807,25
3848,Suydam St & Broadway,40.69544,-73.93223,32
3849,Suydam St & St. Nicholas Ave,40.70636,-73.91945,17
3850,Jefferson St & Cypress Ave,40.70907,-73.92157,25
3851,Metropolitan Ave & Stewart Ave,40.71401,-73.92793,20
3852,Stewart Ave & Johnson Ave,40.70869,-73.92587,17
3853,Harrison Pl & Porter Ave,40.70686,-73.92851,20
3854,Morgan Ave & Maspeth Ave,40.716657,-73.93637,24
3855,Frost St & Debevoise Ave,40.71882,-73.93948,22
3856,Kingsland Ave & Nassau Ave,40.72577,-73.94173,25
3857,Engert Ave & McGuinness Blvd,40.72158,-73.94546,19
3858,Kent St & McGuinness Blvd,40.73124,-73.95161,20
3859,Lorimer St & Calyer St,40.72795,-73.95414,20
3860,Wilson Ave & Troutman St,40.70166,-73.92754,26
3861,Menahan St & Wyckoff Ave,40.70113,-73.91422,20
3862,Linden St & Knickerbocker Ave,40.69714,-73.91566,18
3863,Central Ave & Woodbine St,40.69296,-73.91605,18
3864,Central Ave & Covert St,40.68929,-73.90951,30
3865,Knickerbocker Ave & Cooper St,40.69081,-73.90448,24
3866,Wilson Ave & Moffat St,40.68906,-73.90506,32
3867,Somers St & Broadway,40.67945,-73.90474,29
3868,Knickerbocker Ave & Halsey St,40.693,-73.90824,19
3869,Van Buren St & Broadway,40.692,-73.92617,24
3870,Melrose St & Broadway,40.697481,-73.935877,20
3871,Bushwick Ave & Furman Ave,40.68281,-73.90623,30
3872,Hancock St & Wyckoff Ave,40.6972,-73.90674,19
3873,Madison St & Cypress Ave,40.70068,-73.90742,17
3874,Menahan St & Seneca Ave,40.70461,-73.91054,16
3875,Stephen St & Seneca Ave,40.6988,-73.9007,15
3876,Forest Ave & Summerfield St,40.69922,-73.89795,23
3877,Madison St & Forest Ave,40.70555,-73.90245,25
3878,Cypress Ave & George St,40.69812,-73.90271,19
3879,Broadway & Madison St,40.68822,-73.91966,25
3880,Willoughby Ave & Onderdonk Ave,40.7098,-73.91727,27
3881,12 Ave & W 125 St,40.818299,-73.960405,39
3882,Norman St & Wyckoff Ave,40.69517,-73.90311,15
3883,Harman St & Seneca Ave,40.70577,-73.91292,19
3884,Centre St & Seneca Ave,40.69969,-73.9022,23
3885,Onderdonk Ave & Gates Ave,40.70413,-73.90737,19
3886,Menahan St & Onderdonk Ave,40.70553,-73.9096,20
3887,Flushing Ave & Woodward Ave,40.71246,-73.91873,21
3888,Woodward Ave & Harman St,40.70793,-73.91092,19
3890,Grove St & Broadway,40.69047,-73.923511,31
3891,Irving Ave & Palmetto St,40.698,-73.9127,20
3892,38 Ave & 29 St,40.75473,-73.93367,19
3893,Rockaway Ave & Bainbridge St,40.68319988172761,-73.91166642308235,25
3894,8 Ave & W 16 St,40.740983,-74.001702,36
3895,Cypress Ave & Palmetto St,40.701573408737914,-73.90876293182373,25
3896,Madison St & Seneca Ave,40.70183,-73.90625,22
3897,Onderdonk Ave & Dekalb Ave,40.70863,-73.91497,17
3898,E 63 St & 3 Ave,40.763954,-73.9646,57
3899,Manhattan Av & Leonard St,40.72084,-73.94844,18
3900,Morgan Ave & Lombardy St,40.72226,-73.93889,30
3901,Stanhope St & Fairview Ave,40.70998,-73.91116,17
3902,Fairview Ave & Linden St,40.70694,-73.90632,19
3903,Jefferson Ave & Evergreen Ave,40.68989,-73.91458,17
3904,Wyckoff Ave & Gates Ave,40.699871408829885,-73.91171872615814,36
3905,4 Ave & E 12 St,40.732647,-73.99011,27
3906,West St & Liberty St,40.711444,-74.014847,32
3907,Central Ave & Melrose St,40.70112,-73.93039,17
3909,Madison St & Woodward Ave,40.70408,-73.90408,20
3910,Greene Ave & Grandview Ave,40.709697,-73.907856,17
3911,Wyckoff St & Nevins St,40.683426,-73.984275,22
3913,Sands St Gate,40.699569,-73.979827,19
3914,West End Ave & W 78 St,40.783786,-73.981687,39
3916,Pearl St & Peck Slip,40.708485,-74.002751,45
3917,Willoughby St & Ashland Pl,40.69178,-73.97877,31
3919,Wall St & South St,40.70437,-74.00637,37
3920,E 132 St & Madison Ave,40.810224,-73.937195,19
3921,Willis Ave & Bruckner Blvd,40.805701,-73.925177,19
3922,Alexander Ave & E 134 St,40.807466,-73.927107,19
3923,Lincoln Ave & E 134 St,40.808484,-73.928803,17
3924,Lincoln Ave & E 138 St,40.810893,-73.927311,26
3925,E 138 St & Canal St W,40.812304,-73.929153,21
3926,5 Ave & W 131 St,40.81014,-73.93973,20
3927,Lenox Ave & W 133 St,40.81296,-73.941878,27
3928,Adam Clayton Powell Blvd & W 132 St,40.813539,-73.94521,18
3929,Willis Ave & E 141 St,40.81093,-73.921606,19
3930,E 142 St & 3 Ave,40.812735,-73.923697,19
3931,Morris Ave & E 142 St,40.814469,-73.924963,23
3933,Gerard Ave & E 146 St,40.817755,-73.92965,19
3934,St Nicholas Ave & W 134 St,40.816234,-73.948222,27
3935,Amsterdam Ave & W 131 St,40.816355,-73.954295,19
3936,W 133 St & 12 Ave,40.820003,-73.959089,19
3937,E 135 St & St Ann's Ave,40.805089,-73.918889,23
3938,E 133 St & Cypress Pl,40.80262,-73.9174,19
3939,Willow Ave & E 133 St,40.800933,-73.913863,21
3940,E 134 St & Walnut Ave,40.800425,-73.911034,16
3941,Walnut Ave & E 136 St,40.801657,-73.909513,17
3942,Broadway & W 133 St,40.8190344,-73.956156,21
3944,Convent Ave & W 135 St,40.818215,-73.950988,30
3945,Amsterdam Ave & W 136 St,40.819746,-73.951819,21
3946,St Nicholas Ave & W 137 St,40.818477,-73.947568,21
3947,E 138 St & Willow Ave,40.804168,-73.911545,18
3948,E 138 St & Cypress Ave,40.805559,-73.914718,23
3949,Brook Ave & E 138 St,40.807408,-73.91924,23
3950,Brook Ave & E 141 St,40.809619,-73.917875,19
3951,E 141 St & St Ann's Ave,40.808633,-73.916124,19
3952,E 141 St & Jackson Ave,40.806896,-73.911837,19
3953,W 147 St & Adam Clayton Powell Blvd,40.82281,-73.937413,25
3955,St Mary's St & Jackson Ave,40.808891,-73.91081,19
3956,St. Ann's Ave & E 144 St,40.811112,-73.914932,23
3957,E 144 St & Brook Ave,40.811675,-73.917037,19
3958,Willis Ave & E 143 St,40.812299,-73.92037,23
3959,Edgecombe Ave & W 145 St,40.823498,-73.94386,31
3960,Hamilton Pl & W 140 St,40.822756,-73.951346,21
3961,Morris Ave & E 153 St,40.820036,-73.921411,19
3963,Melrose Ave & E 150 St,40.816827,-73.917338,31
3964,Brook Ave & E 148 St,40.814383,-73.915368,20
3965,E 149 St & Eagle Ave,40.814046,-73.91186,19
3966,Wales Ave & E 147 St,40.811314,-73.907729,19
3967,W 146 St & Broadway,40.826969,-73.949738,30
3968,Prospect Ave & E 151 St,40.814232,-73.903927,21
3969,St Ann's Ave & Westchester Ave,40.815887,-73.911918,19
3970,Melrose Ave & E 154 St,40.819609,-73.916071,19
3972,E 158 St & Melrose Ave,40.822215,-73.914688,23
3973,St Nicholas Ave & W 150 St,40.827212,-73.942722,26
3975,Brook Ave & E 157 St,40.820713,-73.911759,21
3976,E 156 & Brook Ave,40.819823,-73.912411,19
3977,Prospect Ave & Longwood Ave,40.81899,-73.90202,29
3978,Cauldwell Ave & E 161 St,40.82188,-73.907521,18
3980,Amsterdam Ave & W 152 St,40.829523,-73.944279,20
3981,Harlem River Dr & W 155 St,40.830476,-73.939929,24
3982,Bergen Ave & E 152 St,40.817166,-73.914737,21
3983,Westchester Ave & E 156 St,40.817802,-73.905203,23
3984,W 140 St & Riverside Dr,40.824013,-73.954743,23
3985,E 160 St & Tinton Ave,40.820302,-73.903944,22
3986,E 149 St & Morris Ave,40.81734,-73.922962,35
3987,E 149 St & Jackson Ave,40.813135,-73.909235,23
3988,E 128 St & 3 Ave,40.805631,-73.934077,19
3989,Willis Ave & E 137 St,40.808384,-73.923604,22
3992,W 169 St & Fort Washington Ave,40.8428422,-73.9421253,47
3994,2 Ave & E 125 St,40.802554,-73.933509,30
3995,5 Ave & E 135 St,40.812191,-73.937838,21
3996,Lexington Ave & E 128 St,40.806414,-73.936085,24
3997,5 Av & W 139 St,40.815484,-73.935856,20
3998,W 135 St & Lenox Terrace Pl,40.813619,-73.939336,29
3999,Adam Clayton Powell Blvd & W 138 St,40.81695971032464,-73.9422959089279,23
4000,Lenox Ave & W 144 St,40.819783,-73.936521,22
4001,Lenox Ave & W 146 St,40.821111,-73.935971,24
4002,W 144 St & Adam Clayton Powell Blvd,40.820877,-73.939249,0
4004,Edgecombe Ave & W 141 St,40.820681,-73.945144,21
4005,St. Nicholas Terrace & Convent Ave,40.821294,-73.947868,24
4006,E 147 St & Bergen Ave,40.814673,-73.91839,25
4007,Riverside Dr & W 138 St,40.823168,-73.955857,30
4008,Broadway & W 142 St,40.824686,-73.951947,23
4009,Riverside Dr & W 145 St,40.827305,-73.951989,35
4010,W 145 St & Amsterdam Ave,40.825244,-73.947257,24
4011,Westchester Ave & Jackson Ave,40.816124,-73.908116,25
4012,W 148 St & Amsterdam Ave,40.827075,-73.945909,23
4013,Convent Ave & W 151 St,40.82831,-73.942924,24
4014,Riverside Dr & W 148 St,40.829114,-73.950426,22
4015,W 155 St & Frederick Douglass Blvd,40.82923,-73.936996,31
4016,Adam Clayton Powell Blvd & W 130 St,40.812346,-73.946168,22
4017,E 138 St & 5 Av,40.81449,-73.936153,22
4018,Broadway & W 131 St,40.817555,-73.957163,21
4019,St. Ann's Av & Bruckner Blvd,40.803399,-73.919763,17
4020,Bradhurst Ave & W 148 St,40.825125,-73.941616,22
4021,E 138 St & Grand Concourse,40.813224,-73.930605,21
4022,Lenox Ave & W 142 St,40.818067,-73.937743,0
4023,Adam Clayton Powell Blvd & W 141 St,40.819241,-73.941057,24
4024,Macombs Pl & W 152 St,40.826406,-73.937948,33
4025,Edgecombe Ave & W 150 St,40.826881,-73.941427,20
4027,St. Nicholas Ave & W 155 St,40.830663,-73.941323,23
4028,Frederick Douglass Blvd & Harlem River Dr,40.830702,-73.936371,19
4029,Courtlandt Ave & E 149 St,40.816402,-73.919549,23
4030,Courtlandt Ave & E 157 St,40.822267,-73.916792,23
4031,Cauldwell Ave & E 158 St,40.81989,-73.908351,19
4032,E 155 St & Courtlandt Ave,40.82057,-73.917579,19
4034,Hamilton Pl & W 138 St,40.821728,-73.952761,27
4035,Broadway & W 153 St,40.831327,-73.946665,20
4036,Motorgate,40.7639089,-73.9477213,36
4037,Roosevelt Island Tramway,40.757284,-73.9536,39
4038,Southpoint Park,40.75370225419114,-73.95865201950072,29
4040,Madison Ave & E 26 St,40.742684734875695,-73.98671329021454,51
4041,Adam Clayton Powell Blvd & W 151 St,40.825289,-73.936232,18
4044,8 Ave & W 38 St,40.75461,-73.99177,49
4045,West End Ave & W 60 St,40.77237,-73.99005,39
4047,Amsterdam Ave & W 156 St,40.832081,-73.942386,27
4048,St. Nicholas Ave & W 157 St,40.832314,-73.94102,20
4050,W 159 St & Edgecombe Ave,40.833303,-73.939326,21
4051,W 160 St & St. Nicholas Ave,40.834468,-73.939865,26
4052,Amsterdam Ave & W 162 St,40.83618,-73.939789,27
4053,W 163 St & Edgecombe Ave,40.835798,-73.937496,19
4054,W 163 St & Riverside Dr,40.839278,-73.945446,19
4055,W 165 St & Fort Washington Ave,40.84004,-73.942939,27
4056,Broadway & W 165 St,40.839137,-73.941409,24
4057,Amsterdam Ave & W 167 St,40.839443,-73.937044,23
4058,Madison Av & E 51 St,40.75863,-73.97513,41
4059,W 171 St & St. Nicholas Ave,40.842941,-73.938631,31
4060,Amsterdam Ave & W 172 St,40.842173,-73.935111,23
4061,Fort Washington Ave & W 173 St,40.84522,-73.940493,24
4062,Amsterdam Ave & W 175 St,40.844044,-73.933651,23
4063,Wadsworth Ave & W 175 St,40.846052,-73.937648,24
4064,Southern Blvd & E 142 St,40.807347437082,-73.90809774398804,23
4065,Wadsworth Ave & W 179 St,40.848467,-73.936064,35
4066,Audobon Ave & W 179 St,40.847305,-73.933291,23
4067,Amsterdam Ave & W 180 St,40.847396,-73.931205,23
4068,Fort Washington Ave & W 183 St,40.852252,-73.937854,30
4069,Cabrini Blvd & W 177 St,40.848282,-73.941343,24
4070,W 180 St & Ft Washington Ave,40.849972,-73.938423,24
4071,Broadway & W 160 St,40.835775,-73.9434,22
4072,W 48 St & Rockefeller Plaza,40.75793646243674,-73.97960275411606,40
4073,W 51 St & Rockefeller Plaza,40.75969995906254,-73.97808194160461,35
4074,Edgecombe Ave & W 167 St,40.838191,-73.936085,23
4075,Central Park West & W 85 St,40.78476,-73.969862,38
4076,E 150 St & Gerard Ave,40.820089,-73.928947,29
4078,Concourse Village East & E 158 St,40.823732,-73.919379,31
4080,Jerome Ave & E 164 St,40.831444,-73.926226,21
4081,Gerard Ave & E 165 St,40.83173,-73.922394,21
4082,Gerard Ave & McClellan St,40.833909,-73.92112,30
4083,Walton Ave & E 168 St,40.83649,-73.918316,20
4084,Sheridan Ave & E 168 St,40.835334,-73.9154,22
4085,Grand Concourse & E 171 St,40.839549,-73.913004,25
4086,Inwood Ave & W 170 St,40.840536,-73.919228,21
4087,W 170 St & University Ave,40.84207,-73.926075,22
4088,Nelson Ave & W 172 St,40.843965,-73.920999,20
4090,Grand Concourse & E 156 St,40.823429,-73.924689,21
4091,Jerome Ave & Ogden Ave,40.829797,-73.931015,21
4092,Jerome Ave & Anderson Ave,40.830179,-73.928747,19
4094,Park Ave & E 162 St,40.825716,-73.915585,21
4095,E 165 St & Jerome Ave,40.83263,-73.925101,21
4096,Grand Concourse & E 167 St,40.834263,-73.917641,30
4098,Shakespeare Ave & W 169 St,40.839312,-73.922423,20
4099,E 169 St & Webster Ave,40.834015,-73.908863,21
4101,E 153 St & E 157 St,40.826677,-73.929327,19
4102,Grand Concourse & E 164 St,40.829608,-73.921461,22
4103,Ogden Ave & W 165 St,40.834457,-73.928381,19
4104,Old Broadway & W 133 St,40.818212,-73.955277,20
4105,Concourse Village West & E 156 St,40.823162,-73.923267,21
4106,Ogden Ave & W 164 St,40.832812,-73.929372,19
4107,E 170 St & Clay Ave,40.837213,-73.908345,24
4108,Clay Ave & E 173 St,40.843264,-73.904867,19
4109,Amsterdam Ave & W 183 St,40.84925,-73.93022,21
4110,Avenue D & E 10 St,40.72506551015475,-73.97515833377838,30
4111,E 27 St & Park Ave S,40.74275179648995,-73.9847157150507,47
4112,Wards Meadow Comfort Station,40.78294,-73.93077,18
4113,Icahn Stadium,40.79346,-73.92389,22
4114,Sunken Meadow Comfort Station,40.79558,-73.91906,25
4115,Bronx Shore Comfort Station,40.80046,-73.92404,25
4116,Gerard Ave & E 164 St,40.830262,-73.923391,19
4117,Sullivan Pl & Franklin Ave,40.66407983678161,-73.96025128666679,27
4118,Liberty St & Nassau St,40.70858894240581,-74.00935482235809,45
4120,E 39 St & Lexington Ave,40.749498546025194,-73.97729203113158,43
4121,1 Ave & E 39 St,40.74714,-73.97113,53
4122,Central Park W & W 97 St,40.79249519495111,-73.96417066463071,53
4123,Central Park W & W 103 St,40.79558954105342,-73.96188408136368,40
4124,Central Park W & W 91 St,40.788664991278836,-73.96680057048798,48
4125,E 161 St & River Ave,40.827883,-73.927111,38
4126,E 157 St & River Ave,40.825737,-73.927311,19
4127,Ogden Ave & Merriam Ave,40.839142,-73.925961,19
4128,College Ave & E 170 St,40.837576,-73.910489,24
4129,Anderson Ave & W 164 St,40.832057,-73.927421,19
4130,Morris Ave & McClellan St,40.831584,-73.9149,22
4131,Goble Pl & Macombs Rd,40.844075,-73.917256,19
4132,Southern Blvd & Avenue St. John,40.812769,-73.901583,19
4133,Beck St & Leggett Ave,40.815077,-73.899939,20
4134,Longwood Ave & Southern Blvd,40.816343,-73.896447,24
4135,Westchester Ave & Longwood Ave,40.819701,-73.901311,23
4136,Washington Ave & E 163 St,40.824,-73.91089,22
4137,3 Ave & E 163 St,40.823872,-73.908699,27
4138,3 Ave & Franklin Ave,40.82696,-73.907451,19
4139,Tinton Ave & E 165 St,40.824796,-73.90242,19
4140,E 163 St & Union Ave,40.822545,-73.901824,24
4141,Southern Blvd & Tiffany St,40.818185,-73.894143,20
4142,Barry St & Tiffany St,40.816126,-73.891559,19
4143,Hunts Point Ave & Bryant Ave,40.813991,-73.8855,21
4144,Lafayette Ave & Hunts Point Ave,40.816567,-73.888161,22
4146,Garrison Ave & Manida St,40.818743,-73.890247,30
4147,E 163 St & Tiffany St,40.821075,-73.895069,19
4148,Intervale Ave & Westchester Ave,40.821967,-73.896752,27
4149,E 167 St & Franklin Ave,40.82895,-73.90521,20
4151,3 Ave & E 169 St,40.832678,-73.905158,21
4152,Fulton Ave & E 168 St,40.830471,-73.904556,21
4153,E 165 St & Fox St,40.82394,-73.894025,27
4154,Faile St & Garrison Ave,40.820578,-73.888271,19
4155,E 169 St & Fox St,40.827184,-73.893721,19
4156,Fulton Ave & St. Paul's Pl,40.83545,-73.90153,19
4157,Boston Rd & Prospect Ave,40.833246,-73.896599,19
4158,Freeman St & Reverend James A Polite Ave,40.830529,-73.894717,19
4159,3 Ave & E 172 St,40.839586,-73.900277,19
4160,Washington Ave & E 174 St,40.843079,-73.900216,19
4161,3 Ave & E 174 St - Bathgate Vaccination Site,40.84224,-73.8985,35
4162,Southern Blvd & E 172 St,40.834124,-73.88955,19
4163,Boone Ave & E 172 St,40.832649,-73.885272,19
4164,E 174 St & Longfellow Ave,40.836274,-73.884308,20
4165,E 165 St & Clay Ave,40.82809,-73.91288,19
4166,River Ave & E 153 St,40.82441,-73.92818,27
4167,Grand Concourse & East Mount Eden Ave,40.84301,-73.91172,19
4168,Mount Eden Pkwy & Eastburn Ave,40.842675,-73.908544,19
4169,Morris Ave & E 171 St,40.83899,-73.9109,21
4170,Webster Ave & E 166 St,40.828975,-73.911259,19
4171,Boston Rd & E 167 St,40.828199,-73.903719,21
4172,Washington Ave & E 167 St,40.829896,-73.907618,19
4173,Longfellow Ave & E 165 St,40.825322,-73.887729,20
4174,3 Ave & E 170 St,40.834857,-73.903743,21
4175,E 171 St & Webster Ave,40.838379,-73.905838,20
4176,E 171 St & 3 Ave,40.837119,-73.902185,24
4177,Prospect Ave & Jennings St,40.831762,-73.896853,20
4179,Freeman St & Southern Blvd,40.830051,-73.892103,23
4180,West Farms Rd & Boone Ave,40.830025,-73.886312,20
4181,Hoe Ave & Jennings St,40.832171,-73.889686,20
4182,Louis Nine Blvd & Intervale Ave,40.831998,-73.892686,19
4183,Fulton Ave & E 172 St,40.839229,-73.899047,19
4184,Southern Blvd & E 174 St,40.836733,-73.887931,27
4185,Southern Blvd & E 175 St,40.839335,-73.886445,19
4186,E 149 St & Park Ave,40.818154,-73.925294,27
4187,Fulton St & Pearl St,40.70772198491691,-74.00438636541367,55
4188,Broadway & W 155 St,40.83299,-73.94592,31
4189,Grant Ave & E 169 St,40.83579,-73.913741,19
4190,Walton Ave & E 171 St,40.840683,-73.915073,19
4191,Intervale Ave & Kelly St,40.827301,-73.896372,20
4192,Prospect Ave & E 167 St,40.826303,-73.898751,19
4193,W 181 St & Riverside Dr,40.85168,-73.94186,21
4194,Plaza Dr & W 170 St,40.840484,-73.917946,30
4195,E 167 St & Clay Ave,40.83094,-73.91125,30
4198,E 161 St & Park Ave,40.824811,-73.916407,21
4199,River Ave & McClellan St,40.83406,-73.92243,21
4200,E 174 St & Walton Ave,40.844811,-73.912042,27
4201,Clay Ave & Claremont Pkwy,40.83999,-73.90549,21
4202,Dawson St & Intervale Ave,40.819999,-73.897263,19
4203,Westchester Ave & Southern Blvd,40.824956,-73.891677,21
4204,E 167 St & Bryant Ave,40.826706,-73.888719,20
4205,Crotona Park North & Prospect Ave,40.841092,-73.892317,19
4206,Southern Blvd & E 149 St,40.811892,-73.904192,27
4207,Sherman Ave & E 166 St,40.83130549267296,-73.91744792461395,19
4208,Walton Ave & E 153 St,40.822351,-73.926907,19
4209,University Ave & W 168 St,40.838706,-73.927034,18
4210,Grand Concourse & E 166 St,40.83196,-73.91956,24
4211,Union Ave & E 169 St,40.82995,-73.898802,19
4212,Franklin Ave & E 169 St,40.83171,-73.90208,19
4213,Wilkins Ave & Crotona Park E,40.835302,-73.895133,19
4214,Spring St & Hudson St,40.72583996792375,-74.0076532959938,43
4215,Hudson St & W 13 St,40.74005708567285,-74.0052741765976,28
4216,10 Ave & W 14 St,40.741981599940225,-74.00831580162048,55
4218,Spruce St & Gold St,40.7103231,-74.0043228,55
4219,W 35 St & 9 Ave,40.75414519263519,-73.9960889518261,32
4220,Frederick Douglass Blvd & W 145 St,40.823061,-73.941928,27
4222,River Ave & E 151 St,40.822217,-73.928939,27
4224,Amsterdam Ave & W 119 St,40.80863217506367,-73.95958609887202,29
4225,Clinton St & Tillary St,40.696232971293156,-73.99142056703568,33
4227,Crotona Park East & E 173 St,40.837037,-73.890413,19
4228,Waterloo Pl & Crotona Park East,40.839194,-73.888587,18
4229,Sheridan Ave & E 172 St,40.840494,-73.911479,24
4230,Charlotte St & Boston Rd,40.8358771,-73.8931428,19
4232,6 Ave & W 45 St,40.756951,-73.982631,45
4233,2 Ave & E 29 St,40.741723510974715,-73.97809267044067,39
4235,W 50 St & 10 Ave,40.764734200065185,-73.99194359779358,55
4236,W 54 St & 11 Ave,40.768333,-73.992573,59
4238,W 44 St & 11 Ave,40.762009,-73.996975,79
4239,E 50 St & Park Ave,40.757334,-73.974235,25
4240,E 44 St & Lexington Ave,40.752643,-73.974996,33
4244,W 36 St & 7 Ave,40.752149,-73.989539,38
4245,Bruckner Blvd & Bryant Ave,40.821952,-73.888546,24
4247,Riverside Dr & W 153 St,40.832164,-73.949702,21
4248,Old Slip & South St,40.70336686695866,-74.007867872715,63
4249,E 170 St & Webster Ave,40.83617913677475,-73.90730146322765,25
4250,Seneca Ave & Irvine St,40.81872569990116,-73.88862490653992,19
4251,Nelson Ave & 167 St,40.83670566862804,-73.92608866095543,21
4252,Home St & Westchester Ave,40.827629,-73.886659,21
4253,Rogers Pl & E 165 St,40.823926,-73.897366,19
4254,34 St & 38 Ave,40.752443,-73.929737,25
4255,42 Pl & Northern Blvd,40.753091,-73.920603,25
4256,25 Ave & 41 St,40.767666,-73.910963,23
4257,43 St & 37 Ave,40.750181,-73.919998,21
4258,34 Ave & 45 St,40.754795,-73.917014,23
4259,49 St & 25 Ave,40.764496,-73.904632,0
4260,43 St & 23 Ave,40.769673,-73.906018,23
4261,36 St & Ditmars Blvd,40.774306,-73.908335,25
4262,38 St & Northern Blvd,40.752372,-73.925384,23
4263,30 Ave & 41 St,40.763422,-73.914142,23
4264,48 St & Broadway,40.755763,-73.912715,31
4265,49 St & 31 Ave,40.758057,-73.909831,0
4266,50 St & 30 Ave,40.760083,-73.907107,23
4267,Bulova Ave & Brooklyn Queens Expressway W,40.762507,-73.902534,19
4268,50 St & Northern Blvd,40.753441,-73.912402,27
4269,Broadway & 51 St,40.754164,-73.908906,27
4270,62 St & Northern Blvd,40.754176,-73.900318,27
4271,31 Ave & 61 St,40.757525,-73.901614,0
4272,Ditmars Blvd & 43 St,40.771203,-73.903865,27
4273,Ditmars Blvd & 48 St,40.769219,-73.901001,19
4274,35 St & 21 Ave,40.776745,-73.906558,23
4275,21 Ave & Shore Blvd,40.783956,-73.916894,21
4276,20 Ave & Shore Blvd,40.785994,-73.915098,19
4277,20 Ave & 42 St,40.775415,-73.900063,21
4278,Albany St & Greenwich St,40.709267,-74.013247,46
4279,E 54 St & 1 Ave,40.756265,-73.964179,41
4280,W 10 St & Washington St,40.73342399437081,-74.00851495563984,46
4281,Morton St & Washington St,40.73115,-74.00887,31
4282,Washington St & Barrow St,40.73191132323174,-74.008769094944,39
4283,38 St & 30 Ave,40.764174520197685,-73.91583994030952,27
4284,43 St & 35 Ave,40.754139,-73.919543,25
4285,46 St & 25 Ave,40.765753,-73.90676,24
4286,58 St & 32 Ave,40.75574,-73.903427,19
4287,Steinway St & Ditmars Blvd,40.772717,-73.906127,21
4288,Steinway St & 21 Ave,40.774798,-73.903787,21
4289,31 St & 21 Ave,40.77813,-73.90842,27
4290,20 Ave & 38 St,40.777112,-73.902382,29
4291,20 Ave & 48 St,40.772899,-73.896849,23
4292,Hazen St & 20 Ave,40.772092,-73.895166,23
4293,Ditmars Blvd & 76 St,40.768442,-73.893531,19
4294,76 St & 21 Ave,40.77028,-73.893675,21
4295,Ditmars Blvd & 79 St,40.768728,-73.890745,25
4296,Steinway St & 19 Ave,40.778089,-73.899558,21
4297,Greenwich St & Perry St,40.73498,-74.00697,31
4298,King St & Varick St,40.72789701409023,-74.00536268949507,26
4300,Bleecker St & Crosby St,40.72615604980408,-73.99510189890862,43
4301,8 Ave & W 27 St,40.747968,-73.996637,33
4302,21 St & 23 Ave,40.778557,-73.919046,22
4303,Steinway St & Broadway,40.75905795418586,-73.91897544264793,32
4304,34th Ave & Vernon Blvd,40.76535380385866,-73.93986314535141,30
4305,34 Ave & 31 St,40.759604471387945,-73.92714411020279,19
4306,35 St & 23 Ave,40.77301508291382,-73.91119033098221,28
4308,E 170 St & Sheridan Ave,40.838315,-73.912604,30
4309,18 St & 27 Ave,40.772768286288304,-73.92743647098541,23
4310,24 St & 38 Ave,40.756351,-73.936515,19
4311,8 St & Astoria Blvd,40.7725996921817,-73.93266275525093,19
4312,Shore Blvd & Astoria Park,40.77977,-73.923162,32
4313,46 St & 28 Ave,40.763328,-73.908782,19
4314,30 Ave & 47 St,40.761294,-73.909562,21
4315,46 St & 30 Rd,40.76072,-73.910989,21
4316,34 Ave & 48 St,40.75388,-73.914952,25
4317,51 St &  Hobart St,40.757764,-73.907654,0
4318,Broadway & 49 St,40.755389,-73.911517,25
4319,31 Ave & 57 St,40.757357,-73.904726,23
4320,31 St & Ditmars Blvd,40.776168,-73.910485,24
4321,21 Ave & Crescent St,40.780478,-73.912212,24
4322,20 Ave & 21 St,40.784003,-73.912297,19
4323,20 Ave & 33 St,40.779399,-73.905708,21
4324,Ditmars Blvd & 73 St,40.76817,-73.896293,19
4325,21 Ave & 80 St,40.770888,-73.889914,19
4326,Lenox Ave & W 140 St,40.817245,-73.938787,23
4327,21 St & 21 Ave,40.782465,-73.914527,21
4329,35 St & 30 Ave,40.76547569244953,-73.91811579465866,29
4330,31 Rd & 21 St,40.766824,-73.930486,19
4331,48 St & 37 Ave,40.751555,-73.915026,29
4332,Morris Ave & E 163 St,40.827230499624726,-73.91765579597632,21
4333,E 5 St & Cooper Sq,40.72769,-73.990993,34
4335,23 Rd & 29 St,40.77406014982225,-73.914934694767,24
4336,E 13 St & 2 Ave,40.73153937464073,-73.9853024482727,54
4337,E 1 St & 1 Ave,40.72335597960796,-73.98864984512329,51
4338,Grand St & Samuel Dickstein Plaza,40.715118719964956,-73.98417055606842,55
4339,Forsyth St	& Grand St,40.71779817737835,-73.99316132068634,63
4340,Clinton St	& Cherry St,40.711471394469264,-73.98672603070736,33
4341,Market St & Henry St,40.71310702305908,-73.99446353316307,28
4342,16th St & 4th Ave,40.666197,-73.992466,30
4343,3 Ave & 17 St,40.666168,-73.995549,21
4344,6 Ave & 17 St,40.662378,-73.988887,0
4345,Windsor Pl & 8 Ave,40.660906,-73.983074,20
4346,17 St & 5 Ave,40.663493,-73.991007,25
4347,21 St & 4 Ave,40.662584,-73.995554,21
4348,6 Ave & 21 St,40.66016,-73.990974,27
4349,7 Ave & 20 St,40.659053,-73.98854,20
4350,Prospect Park W & 20 St,40.656633,-73.983864,25
4351,11 Ave & Prospect Ave,40.65629,-73.977335,20
4352,McDonald Ave & Vanderbilt St,40.651654,-73.981231,21
4353,Prospect Ave & Vanderbilt St,40.653368,-73.976291,19
4355,Greenwood Ave & Prospect Ave,40.651545,-73.975661,0
4356,Greenwood Ave & E 4 St,40.650739,-73.977739,21
4357,Ft. Hamilton Pkwy & E 2 St,40.648005,-73.979342,19
4358,Ft. Hamilton Pkwy & E 5 St,40.649037,-73.97673,23
4359,Parade Pl & Crooke Ave,40.651847,-73.965248,30
4360,Caton Ave & Argyle Rd,40.649681,-73.967829,21
4361,Caton Ave & E 10 St,40.648481,-73.97058,30
4362,7 Ave & 22 St,40.658029,-73.989605,25
4363,E 8 St & Caton Ave,40.648055,-73.972432,30
4364,Caton Ave & E 7 St,40.647718,-73.973663,20
4365,E 3 St & Church Ave,40.643817,-73.977433,21
4366,Albemarle Rd & McDonald Ave,40.645074,-73.979681,20
4367,Chester Ave & 12 Ave,40.644367,-73.984276,21
4368,12 Ave & 36 St,40.643546,-73.986418,21
4369,23 St & 3 Ave,40.662611,-73.998623,24
4370,29 St & 5 Ave,40.656986,-73.998194,19
4371,30 St & 4 Ave,40.657743,-74.001141,19
4372,34 St & 5 Ave,40.654098,-74.001131,19
4373,5 Ave & 41 St,40.649983,-74.005144,30
4374,48 St & 2 Ave,40.650176,-74.015606,19
4376,Church Ave & McDonald Ave,40.642809,-73.979239,29
4377,Dahill Rd & 12 Ave,40.646037,-73.980963,22
4378,Church Ave & Story St,40.642031,-73.981073,23
4379,34 St & 4 Ave,40.655278,-74.003101,23
4380,5 Ave & 37 St,40.652657,-74.002356,30
4381,42 St & 1 Ave,40.654798,-74.014372,19
4382,41 St & 3 Ave,40.652512,-74.008906,19
4384,53 St & 5 Ave,40.643371,-74.011884,30
4385,53 St & 4 Ave,40.644862,-74.014531,25
4386,57 St & 1 Ave - Brooklyn Army Terminal Vaccination Site,40.646377,-74.023087,27
4387,58 St & 2 Ave - Brooklyn Army Terminal Vaccination Site,40.644512,-74.021506,35
4388,44 St & 2 Ave,40.652502,-74.013587,19
4389,47 St & 3 Ave,40.649143,-74.012384,23
4390,46 St & 6 Ave,40.645921,-74.005708,21
4391,52 St & 6 Ave,40.642703,-74.009441,19
4392,52 St & 1 Ave,40.649292,-74.020105,22
4393,55 St & 5 Ave,40.642408,-74.013318,28
4394,6 Ave & 55 St,40.640831,-74.010996,19
4395,6 Ave & 60 St,40.638196,-74.013821,22
4396,62 St & 4 Ave,40.639859,-74.019776,19
4397,64 St & 3 Ave,40.639978,-74.02324,35
4398,65 St & 2 Ave,40.640493,-74.02564,21
4399,5 Ave & 66 St,40.635679,-74.020005,20
4400,46 St & 7 Ave,40.644743,-74.003754,21
4401,55 St & 7 Ave,40.639673,-74.008957,25
4403,59 St & 4 Ave,40.641269,-74.017651,35
4404,3 Ave & Wakeman Pl,40.638246,-74.024714,27
4406,E 11 St & 3 Ave,40.73127,-73.98849,80
4408,Windsor Pl & Howard Pl,40.659490558938955,-73.98013919591904,24
4409,36 St & 4 Ave,40.654144,-74.00422,30
4410,41 St & 4 Ave,40.651354,-74.007168,23
4411,48 St & 5 Ave,40.646351,-74.009271,27
4412,53 St & 2 Ave,40.64744,-74.018846,30
4414,24 St & 5 Ave,40.659555,-73.995068,19
4415,2 Av & 37 St,40.656326,-74.009627,31
4416,36 St & 3 Ave,40.655716,-74.006664,30
4417,67 St & Erik Pl,40.633385,-74.016562,25
4418,2 Ave & 32 St,40.659176,-74.006584,27
4419,44 St & 6 Ave,40.647105,-74.004483,24
4420,7 Ave & 41 St,40.647379,-74.000911,25
4421,7 Ave & 40 St,40.648169,-74.000057,24
4422,44 St & 3 Ave,40.651173,-74.011405,23
4423,57 St & 4 Ave,40.642622,-74.016866,22
4424,4 Ave & Shore Road Dr,40.637033,-74.022141,20
4425,India St Pier,40.731734785883454,-73.9612390102593,54
4426,E 9 St & 5 Ave,40.73275887045087,-73.99581670761108,20
4427,Frederick Douglass Blvd & W 139 St,40.81900581806558,-73.94476890563965,22
4428,Prospect Park SW & 10 Ave,40.659945,-73.977504,30
4429,Prospect Park SW & Greenwood Ave,40.652563,-73.972573,30
4430,63 St & 5 Ave,40.63766,-74.01782,24
4431,Bergen St & 4 Ave,40.68256425759694,-73.9798977971077,34
4434,W 190 St & St. Nicholas Ave,40.854788,-73.929513,28
4435,4 Ave & 17 St,40.665507,-73.993037,23
4436,Park Cir & East Dr,40.651566,-73.972212,29
4437,Broadway & W 185 St,40.852538,-73.93441,21
4438,W 186 St & St. Nicholas Ave,40.852253,-73.931308,26
4439,Amsterdam Ave & W 189 St,40.853142,-73.927094,21
4440,Ft. Washington Ave & W 190 St,40.856906,-73.935662,19
4441,Broadway & W 192 St,40.857994,-73.932173,23
4442,Nagle Ave & Thayer St,40.861382,-73.925591,34
4443,Seaman Ave & Beak St,40.867505,-73.926363,21
4444,Academy St & Nagle Ave,40.862562,-73.922661,20
4445,10 Ave & W 204 St,40.862638,-73.92006,20
4446,W 204 St & Nagle Ave,40.863211,-73.920827,20
4447,Isham St & Broadway,40.86788,-73.919685,29
4448,9 Ave & W 219 St,40.871094,-73.911503,19
4449,Ocean Pkwy & Church Ave,40.644718957635746,-73.97451460361481,25
4451,W 190 St & Broadway,40.85648733523576,-73.93296986818314,21
4453,Audubon Ave & Fort George Ave,40.85715781391904,-73.92717361450195,23
4454,Audubon Ave & W 192 St,40.85564,-73.927128,21
4456,Nagle Ave & Ellwood St,40.86012,-73.928489,21
4457,Broadway & Ellwood St,40.862058,-73.929719,19
4458,Dyckman St & 10 Ave,40.85890447538412,-73.9230939745903,19
4459,Sherman Ave & Thayer St,40.863124,-73.926994,21
4460,Dyckman St & Henshaw St,40.867357,-73.92936,19
4461,Dyckman St & Staff St,40.868846,-73.931537,19
4462,10 Ave & W 202 St,40.861281970750994,-73.921417593956,23
4463,W 204 St & Vermilyea Ave,40.866141,-73.922648,22
4464,9 Ave & W 206 St,40.86308937813274,-73.9175833761692,24
4465,Seaman Ave & Isham St,40.869898661940454,-73.92076313495636,23
4466,W 212 St & 10 Ave,40.8676583895191,-73.91675725579262,20
4467,10 Ave & W 215 St,40.86932465640094,-73.91519755125046,21
4468,W 218 St & Indian Rd,40.873054589370895,-73.91837194561958,21
4471,Amsterdam Ave & W 186 St,40.851113,-73.928808,21
4472,Margaret Corbin Plz & Ft Washington Ave,40.859166,-73.933872,25
4473,Broadway & W 220 St,40.872412,-73.912807,19
4474,10 Ave & W 207 St,40.864632,-73.918598,39
4475,1 St & 6 Ave,40.672784,-73.979826,35
4476,St Marks Pl & 4 Ave,40.68177810928762,-73.97988975048065,27
4477,Bay St & Court St,40.671409,-74.001328,26
4478,1 Ave & E 6 St,40.72633085971696,-73.98616880178452,64
4480,Congress St & Hicks St,40.6893952,-73.9995126,35
4481,4 Ave & 3 St,40.673746,-73.985649,39
4482,Warren St & Smith St,40.685424009970184,-73.99127773940563,33
4483,Prospect Park SW & Vanderbilt St,40.65482,-73.973217,37
4484,59 St & 5 Ave,40.640125,-74.015726,30
4485,Prospect Park SW & 16 St,40.657265,-73.974165,33
4486,Broadway & W 168 St,40.84089603193041,-73.93972098827362,31
4487,Pinehurst Ave & W 187 St,40.855331,-73.937878,20
4488,4 Ave & 26 St,40.660079,-73.998633,24
4489,45 St & 4 Ave,40.649145,-74.009486,24
4490,Featherbed Ln & Nelson Ave,40.846011,-73.919637,22
4492,Featherbed Ln & Jerome Ave,40.845505,-73.914311,21
4493,Anthony Ave & E 175 St,40.846465,-73.903869,19
4494,Townsend Ave & E 175 St,40.84741,-73.911359,19
4495,Macombs Rd & W 175 St,40.848177,-73.916082,20
4496,Jerome Ave & W 177 St,40.850121,-73.910765,29
4497,E Tremont Ave & Jerome Ave,40.851747,-73.908964,20
4498,Anthony Ave & E Tremont Ave,40.848793,-73.903178,20
4500,W Burnside Ave & University Ave,40.853686,-73.912498,0
4501,Walton Ave & E 183 St,40.858472,-73.90266,29
4502,W 218 St & Broadway,40.87139,-73.914318,27
4503,Yankee Ferry Terminal,40.68706579875912,-74.01675585121666,42
4504,Plaza St East & Flatbush Ave,40.673134,-73.969106,63
4505,University Ave & Brandt Pl,40.848354,-73.918389,23
4506,W Tremont Ave & Grand Ave,40.850036,-73.912785,21
4508,E Tremont Ave & E 176 St,40.847798,-73.901883,21
4509,Davidson Ave & W Burnside Ave,40.853646,-73.908731,32
4510,University Ave & W Burnside Ave,40.85501,-73.910751,24
4511,Grand Ave & W 181 St,40.856302,-73.907302,19
4512,Jerome Ave & E 181 St,40.855653,-73.905528,19
4513,Tiebout Ave & E 184 St,40.858498,-73.89637,18
4514,President St & 4 Ave,40.676757,-73.983262,31
4515,W Tremont Ave & Montgomery Ave,40.851788,-73.916418,21
4516,Sedgwick Ave & W Burnside Ave,40.854947,-73.916661,17
4517,South Waterfront Walkway - Sinatra Dr & 1 St,40.73698221818716,-74.02778059244156,30
4518,11 St & Washington St,40.74998490907138,-74.02715027332306,24
4519,Hoboken Terminal - River St & Hudson Pl,40.7360676564825,-74.02912706136703,46
4520,Mama Johnson Field - 4 St & Jackson St,40.74313993965626,-74.04004096984863,22
4521,Madison St & 1 St,40.73879,-74.0393,21
4522,Bloomfield St & 15 St,40.75453,-74.02658,14
4523,Church Sq Park - 5 St & Park Ave,40.74265933273143,-74.03223305940628,21
4524,Columbus Park - Clinton St & 9 St,40.74816121065146,-74.0324530005455,26
4525,Grand St & 14 St,40.75409,-74.0316,19
4526,Southwest Park - Jackson St & Observer Hwy,40.73755127245804,-74.04166370630264,20
4527,2 St HBLR - 2 St & Marshall St,40.74080190165358,-74.04243484139442,0
4528,8 St & Washington St,40.745983882915624,-74.02819901704788,21
4529,Grand St & 2 St,40.73913,-74.03618,15
4530,Madison St & 10 St,40.74994325412246,-74.03586477041245,21
4531,Clinton St & 7 St,40.74542,-74.03332,18
4532,4 St & Grand St,40.7422579775645,-74.03511106967926,18
4533,6 St & Grand St,40.744397833095604,-74.03450086712837,18
4534,7 St & Monroe St,40.74641264837719,-74.03797701001167,22
4535,9 St HBLR - Jackson St & 8 St,40.74790720968899,-74.03841152787209,18
4536,Hoboken Terminal - Hudson St & Hudson Pl,40.73593758446329,-74.03030455112457,24
4537,14 St Ferry - 14 St & Shipyard Ln,40.752960630464955,-74.02435272932053,32
4539,Willow Ave & 12 St,40.7518674823282,-74.03037697076797,15
4541,Sedgwick Ave & W Tremont Ave,40.853157,-73.918214,19
4542,Andrews Ave S & W 179 St,40.855156,-73.91278,20
4543,Folin St & E 181 St,40.853929,-73.898385,21
4544,E 188 St & Creston Ave,40.861669,-73.898589,33
4545,Tiebout Ave & E Fordham Road,40.861915,-73.894831,31
4546,Adams St & 11 St,40.750915534784994,-74.03354063630104,18
4547,19 St & 8 Ave,40.658489,-73.985543,23
4550,Webster Ave & Ford St,40.85556,-73.89615,23
4551,Popham Ave & W 174 St,40.847746,-73.922079,20
4553,Andrew Ave N & Hall of Fame Tce,40.85834,-73.91008,19
4554,Cedar Ave & W Fordham Rd,40.86156,-73.91219,24
4555,W Fordham Rd & Loring Pl N,40.86295,-73.90741,25
4556,Grand Ave & W Fordham Rd,40.86288,-73.90316,22
4557,Jerome Ave & W Fordham Rd,40.86294,-73.90108,24
4559,Jerome Ave & W 193 St,40.86659,-73.89794,18
4560,Grand Concourse & E 192 St,40.86448,-73.89522,21
4561,Bainbridge Ave & E 193 St,40.86389,-73.89246,27
4562,Grand Concourse & E 196 St,40.86767,-73.89286,25
4563,Bainbridge Ave & E 196 St,40.86648,-73.89042,20
4564,Grand Concourse & E 197 St,40.86945,-73.89148,21
4565,Bedford Park Blvd & Paul Ave,40.87444,-73.89186,24
4566,Bainbridge Ave & Bedford Park Blvd,40.87002,-73.88565,19
4567,Decatur Ave & Bedford Park Blvd,40.86813,-73.88412,20
4568,Botanical Sq & Webster Ave,40.86814,-73.88145,32
4569,E 201 St & Briggs Ave,40.87207,-73.88459,19
4570,W 176 St & Montgomery Ave,40.849629,-73.919205,19
4571,University Ave & Macombs Rd,40.8496401,-73.9161206,23
4572,Valentine Ave & E 183 St,40.856987,-73.898237,23
4573,Morris Ave & E 184 St,40.86008,-73.90079,0
4574,Bailey Ave & W 193 St,40.87069,-73.90678,23
4575,Decatur Ave & E 197 St,40.86557,-73.88807,19
4576,Goulden Ave & Bedford Park Blvd W,40.87387,-73.89533,19
4577,Jerome Ave & Bedford Park Blvd E,40.87307,-73.88971,25
4578,Grand Concourse & E 199 St,40.87142,-73.88839,21
4579,Grand Concourse & E 203 St,40.87382,-73.88661,26
4580,Goulden Ave & W 205 St,40.87812,-73.89192,19
4581,E Mosholu Pkwy & Van Cortlandt Ave E,40.87656,-73.88366,22
4582,Jerome Ave & E Mosholu Parkway S,40.87935,-73.88534,23
4583,W Mosholu Pkwy S & Sedgwick Ave,40.88226,-73.88702,37
4584,Weeks Ave & E 175 St,40.846879,-73.907342,22
4585,Morris Ave & E Burnside Ave,40.85322,-73.90546,21
4587,Stevens - River Ter & 6 St,40.74313282710551,-74.02698867022991,18
4590,Bridge St & Water St,40.702969341552716,-73.98469090461731,27
4591,Dock St & Front St,40.702709,-73.99253,29
4592,Sands St & Jay St,40.700119,-73.9862,48
4593,Myrtle Ave & Fleet Pl,40.693534,-73.981909,47
4594,Ashland Pl & Dekalb Ave,40.690065,-73.978776,47
4595,Henry St & Remsen St,40.69400964865994,-73.99465128779411,24
4596,Boerum Pl	& Pacific St,40.68848905639242,-73.99116039276123,47
4598,Nassau St	& Duffield St,40.698477,-73.98384,53
4599,Goulden Ave & W 197 St,40.87156,-73.89714,20
4600,Marion Ave & Mosholu Pkwy,40.8704956,-73.8818756582,21
4601,E Burnside Ave & Ryer Ave,40.850535,-73.901318,21
4602,Adams St & Prospect St,40.700763083261506,-73.98869812488556,59
4603,Bailey Ave & Sedgwick Ave,40.86571,-73.90857,20
4604,Jerome Ave & W 184 St,40.860814,-73.902541,20
4605,E Fordham Rd & Webster Ave,40.861748,-73.89105,35
4606,67 St & Ridge Blvd,40.638799,-74.027472,19
4607,Jerome Ave & W 195 St,40.86874,-73.89657,32
4608,Grand Concourse & E 205 St,40.875531,-73.8863864831,19
4609,Paul Ave & W 205 St,40.87704,-73.88943,19
4610,Paul Ave & Mosholu Pkwy,40.8802945,-73.8860653648,19
4611,E Mosholu Pkwy & E 204 St,40.8740704,-73.8833650931,19
4612,Macombs Rd & Featherbed Ln,40.84552,-73.91722,19
4613,Creston Ave & E 181 St,40.8549,-73.90281,23
4614,Grand Concourse & E Mosholu Pkwy S,40.877964,-73.8847550291,21
4615,Bloomfield St & 3 St,40.74007994849755,-74.03096437454224,0
4617,5 Ave & W 126 St,40.80722,-73.9418,27
4618,Prospect Pl & Vanderbilt Ave,40.67767534269111,-73.96902143955231,27
4619,Bergen Ave & Stegman St,40.70657545063453,-74.0867006778717,19
4620,Congress St & Clinton St,40.68825516598005,-73.99545192718506,44
4622,Grand Concourse & E 175 St,40.846221,-73.909232,24
4623,Buchanan Pl & Grand Ave,40.85834,-73.90626,21
4624,Ryer Ave & E 182 St,40.8558,-73.89956,26
4625,Bridge St & York St,40.70133448066992,-73.98471236228943,54
4626,Loring Pl North & W 183 St,40.8604244,-73.9093359997,20
4627,Aqueduct Ave & North St,40.8604787,-73.9057169936,20
4628,Aqueduct Ave & W 190 St,40.8649213,-73.9024238,20
4629,Webb Ave & W 190 St,40.8660052,-73.904254892,22
4630,W 225 St & Exterior St,40.873265,-73.906646,19
4631,Sedgwick Ave & Hall of Fame Tce,40.859532,-73.913303,19
4633,Grant Ave & MLK Dr,40.70919832245443,-74.08084273338318,18
4634,Jerome Ave & E 198 St,40.87144520687118,-73.89289632439613,20
4635,Grand Concourse & E 161 St,40.82713380423556,-73.9227358996868,25
4636,W 192 St & University Ave,40.866899,-73.901942,21
4637,Decatur Ave & Oliver Pl,40.867,-73.8857764,23
4638,Bainbridge Ave & E 198 St,40.8684871,-73.8884559781,23
4639,Creston Ave & E 178 St,40.850885,-73.906469,28
4640,Broadway & E 21 St,40.739888408589955,-73.98958593606949,54
4641,Broadway & W 38 St,40.7529728216068,-73.98734897375107,46
4643,E 39 St & 2 Ave,40.748033194287665,-73.973827958107,3
4645,5 Ave & E 87 St,40.78231448346993,-73.95980536937714,38
4646,Grand Concourse & E 144  St,40.81687039466032,-73.92798498272896,23
4649,12 St & Sinatra Dr N,40.750604142368964,-74.02402013540268,0
